0,0,0,0,0,0,0,0,0,0,0,0.16425999999999996,0,0,0,0,0,0,0,0,0,0,0,0.67492,0,0,0,0,0,0,0,0,0,0,0,0,0.5622400000000001,0.24148000000000003,0.82018,0,0,0.53722,0,0,0,0,0,0,0,0,0,0,0,0,0,0.8065,0,0,0.52894,0,0,0,0,0.37126000000000003,0,0,0,0,0,0,0,0,0.66664,0,0,0,0.15598,0,0,0,0,0,0.14266,0,0,0.17235999999999996,0,0.352,0,0,0.55684,0,0,0,0.91162,0.45963999999999994,0,0.86482,0,0,0.15381999999999996,0,0,0,0,0,0,0,0,0.38332,0.60652,0.5689,0,0.73126,0.45262,0.8599600000000001,0,0,0.63226,0,0.90244,0,0.53164,0.86536,0.93628,0.78418,0.29152,0.7939,0.47997999999999996,0.97552,0.7962400000000001,0.5485599999999999,0.80884,0.9676,0.9559,0.93862,0.94762,0.9667,0.97912,0.97696,0.96976,0.96544,0.97372,0.97174,0.95842,0.98668,0.964,0.98416,0.99388,0.99028,0.98344,0.9946,0.991,0.99316,0.9946,0.9892,0.98812,0.99424,0.99352,0.96616,0.97768,0.9892,0.99208,0.9928,0.99388,0.96202,0.99496,0.9946,0.99352,0.99496,0.99604,0.9946,0.9946,0.97498,0.99532,0.9946,0.99568,0.99208,0.99064,0.9946,0.98668,0.99532,0.99172,0.9946,0.99424,0.97372,0.99496,0.991,0.99424,0.99172,0.98164,0.99568,0.99496,0.9937,0.99352,0.9928,0.98812,0.9838,0.99568,0.9946,0.99208,0.99028,0.99424,0.99316,0.99424,0.9892,0.97264,0.99208,0.99424,0.88102,0.99334,0.99532,0.99496,0.98092,0.98704,0.97084,0.98938,0.99424,0.99226,0.99532,0.99208,0.99136,0.99496,0.991,0.99406,0.99352,0.9946,0.9946,0.99496,0.99316,0.99604,0.9946,0.99244,0.99532,0.99208,0.99388,0.99352,0.99244,0.9838,0.99496,0.99496,0.99352,0.97984,0.99568,0.99496,0.99424,0.99172,0.99262,0.99352,0.99352,0.98218,0.99064,0.99424,0.99388,0.99568,0.9937,0.99208,0.98992,0.99568,0.99568,0.99496,0.99316,0.99532,0.99352,0.99388,0.99532,0.99442,0.99118,0.99424,0.99496,0.9946,0.98884,0.99424,0.9946,0.99208,0.99244,0.99568,0.9928,0.99316,0.991,0.99136,0.99172,0.99424,0.9847,0.99604,0.9946,0.9928,0.99532,0.99424,0.9946,0.99532,0.99478,0.99496,0.9838,0.9892,0.99388,0.99532,0.99424,0.99496,0.99496
0,0,0,0,0,0,0,0,0,0,0,0,0,0,0,0,0,0.62632,0,0,0,0,0,0,0,0,0,0.5732200000000001,0,0.16659999999999997,0,0,0,0,0,0,0,0,0,0,0,0,0.42742,0,0,0,0,0,0,0,0,0,0,0,0,0,0,0.42166000000000003,0,0,0,0,0,0,0,0.84016,0.41481999999999997,0,0,0,0,0,0,0,0.42652,0,0,0.50698,0,0,0,0,0,0.66304,0,0,0,0,0.4769199999999999,0,0,0,0.3860199999999999,0,0,0,0,0,0,0.40078,0,0,0,0,0,0,0,0,0.5464,0,0.31564000000000003,0,0,0,0,0,0,0,0,0,0,0,0,0,0,0,0.31113999999999997,0,0,0,0.40276,0,0.9369999999999999,0,0,0,0.30286,0,0.8452,0.901,0.6682600000000001,0.82468,0,0,0,0.41913999999999996,0.5383,0,0.49005999999999994,0,0,0,0.52624,0,0.919,0.9117999999999999,0.80038,0,0,0,0,0,0.45765999999999996,0,0.45172,0,0,0.28036000000000005,0.65566,0.22060000000000002,0,0,0.5814999999999999,0.631,0.31096,0.75142,0.59644,0,0,0.84358,0.99352,0,0.99208,0.99604,0.99532,0.99118,0.9964,0.99604,0.9964,0,0.99568,0.99424,0.73396,0.99532,0.97588,0.99604,0.99262,0.9436599999999999,0.99172,0.99208,0.98542,0.856,0.9946,0.99406,0.9937,0.9946,0.99532,0.9946,0.973,0.99424,0.99172,0.99244,0.99388,0.47331999999999996,0.9946,0.99172,0.99568,0.99226,0.99442,0.99496,0.9928,0.9946,0.9946,0.99388,0.9964,0.99514,0.99316,0.9964,0.99532,0.98884,0.99478,0.99568,0.99568,0.99532,0.99172,0.99136,0.99568,0.99568,0.99154,0.99496,0.99496,0.99352,0.96796,0.99388,0.99352,0.9964,0.9946,0.9964,0.99532,0.98866,0.99496,0.99604,0.99352,0.99568,0.99568,0.99316,0.99496,0.99208,0.9946,0.99568,0.99496,0.99568,0.99604,0.99496,0.6475599999999999,0.99136,0.99388,0.98956,0.99604,0.99532,0.99532,0.99496,0.99496,0.98704,0.99028,0.9892,0.99172,0.99172,0.9811,0.9946,0.99316,0.97426,0.9946,0.99514,0.99568,0.99154,0.99604,0.99604,0.99424,0.99172,0.99316,0.99604,0.9964,0.99532,0.99316,0.99568,0.98164,0.99568,0.97948,0.99424
0,0,0,0,0.7107399999999999,0,0,0.67006,0,0,0,0,0.37342,0,0,0,0,0,0,0,0,0,0,0,0,0.5998600000000001,0,0,0,0,0,0,0,0,0,0.12105999999999995,0,0,0,0,0,0,0,0,0,0,0,0,0,0,0,0,0,0,0,0,0.69562,0,0,0,0,0,0,0,0,0,0.82558,0,0,0,0,0,0,0.28684,0.83044,0.44092,0,0,0,0,0,0.71182,0,0,0.5476599999999999,0,0,0,0,0.70624,0,0.96364,0,0.40942,0.37126000000000003,0,0,0,0,0,0,0,0.47368,0.5554,0,0,0,0.30484,0,0,0,0,0,0.72442,0,0,0,0.84808,0,0,0,0,0,0,0,0,0,0.64144,0,0,0.6261399999999999,0.66412,0.88192,0,0,0,0,0,0.85276,0,0,0.44704,0,0,0,0,0.22743999999999998,0,0,0,0,0,0,0,0,0.51832,0,0,0,0,0,0.3718,0.5321799999999999,0.74368,0,0.1003599999999999,0.82108,0.95266,0,0.5806,0.87922,0.83098,0.85456,0.92602,0.9279999999999999,0.66106,0.93952,0.90334,0.63532,0.86248,0,0.71794,0.90982,0.96382,0.83944,0.82306,0.99478,0.98794,0.98866,0.93934,0.96328,0.9559,0.99118,0.98074,0.99514,0.95986,0.99478,0.99478,0.98542,0.99478,0.83152,0.99586,0.9955,0.99478,0.99442,0.99586,0.9496,0.99586,0.5391999999999999,0.84826,0.9937,0.99442,0.98758,0.99478,0.99478,0.99622,0.9436599999999999,0.99514,0.99514,0.99514,0.9955,0.99514,0.99226,0.99046,0.99514,0.99298,0.99334,0.9937,0.9919,0.99478,0.99586,0.9955,0.98938,0.99334,0.99478,0.92422,0.99442,0.99586,0.99442,0.99442,0.99262,0.99496,0.9505,0.99262,0.98974,0.9919,0.98326,0.99226,0.9865,0.99622,0.99118,0.9865,0.99298,0.99172,0.96274,0.98074,0.98938,0.99622,0.98938,0.98974,0.98866,0.99514,0.99226,0.99478,0.99586,0.99298,0.99532,0.99406,0.99514,0.99064,0.99514,0.99478,0.99334,0.99334,0.99478,0.99406,0.9955,0.9955,0.99154,0.99406,0.94816,0.9838,0.9631,0.99586,0.99406,0.99586,0.99622,0.99118,0.99478,0.9901,0.99154,0.98524,0.99406,0.99262,0.9847,0.99514,0.98578,0.99334,0.9919,0.98272
0,0,0,0,0,0.18874000000000002,0,0,0,0,0,0,0,0,0,0,0,0,0,0,0.6075999999999999,0,0,0,0,0,0,0,0,0,0,0,0,0.35973999999999995,0,0,0,0,0,0,0,0,0,0,0,0,0,0,0,0.14608,0,0,0,0,0,0,0,0.4312,0,0,0,0,0,0,0.47728000000000004,0,0,0.12015999999999993,0,0,0,0,0,0,0,0,0,0,0,0,0,0.5257,0,0,0,0,0.11709999999999998,0,0.53938,0.58492,0,0,0,0,0.14391999999999994,0,0,0,0,0,0,0,0,0,0,0.41013999999999995,0,0.55072,0,0.60508,0,0,0,0,0.70336,0,0,0,0,0,0,0,0.6261399999999999,0,0,0,0,0,0,0,0.7825599999999999,0,0,0,0,0,0,0,0,0,0.36658,0.54442,0,0,0.26380000000000003,0,0,0,0,0.51742,0.80236,0,0,0,0,0,0,0,0,0,0,0,0,0.6104799999999999,0.2197,0.3034,0.50464,0.17631999999999992,0,0,0.31186,0,0,0,0,0,0,0,0,0,0.30916,0,0.30411999999999995,0,0,0,0,0.1936,0,0,0,0,0,0,0,0,0,0.29044000000000003,0,0,0.82342,0,0,0,0,0,0,0,0,0.80308,0,0,0,0,0,0.31672,0.68014,0,0,0,0,0,0,0,0.11205999999999994,0,0,0.61876,0.6345999999999999,0,0,0,0,0,0,0,0,0,0.26613999999999993,0,0,0,0.12483999999999995,0,0,0,0,0.54244,0.50932,0.82738,0,0,0.47512,0,0,0.5861799999999999,0,0.10774000000000006,0.52228,0.79498,0.7982199999999999,0.86032,0.53038,0.93412,0,0.78472,0.39574,0.6373,0.90856,0.84844,0.88696,0.6371199999999999,0.94438,0.84538,0,0.26991999999999994,0,0.87292,0.8389,0.75862,0.82738,0.8533,0.8632,0.85348,0.93412,0.59536,0.88318,0.95392,0.94312,0.96382,0.9505,0.8335,0.96274,0.8884,0.84934,0.92548,0.93916,0.94096,0.9155800000000001,0.98182
0.95968,0.92494,0.9279999999999999,0.98992,0.99712,0.99892,0.99892,0.99748,0.9964,0.99712,0.99892,0.99892,0.99856,0.9982,0.99892,0.99784,0.9694,0.991,0.99784,0.99892,0.99424,0.99208,0.99892,0.9982,0.99856,0.99856,0.99892,0.99784,0.99856,0.99892,0.99856,0.99784,0.99856,0.99892,0.99712,0.99892,0.99856,0.99856,0.99892,0.99892,0.99748,0.99892,0.99892,0.99892,0.99892,0.99892,0.9982,0.99784,0.9982,0.99892,0.99856,0.99892,0.99784,0.99784,0.99784,0.9847,0.9982,0.99856,0.99892,0.99856,0.99892,0.99352,0.99856,0.99892,0.9982,0.99856,0.9982,0.99892,0.99892,0.99856,0.99856,0.9964,0.99892,0.99856,0.99892,0.99856,0.99892,0.99748,0.99892,0.99892,0.99856,0.99892,0.9982,0.99568,0.99352,0.99892,0.99856,0.99892,0.9982,0.9982,0.99856,0.99892,0.99784,0.9946,0.99676,0.9982,0.99892,0.99892,0.99892,0.99856,0.99856,0.991,0.99676,0.99784,0.99856,0.99676,0.99892,0.9982,0.99856,0.99496,0.99784,0.99892,0.99892,0.99892,0.99856,0.99856,0.99892,0.9982,0.99892,0.99856,0.99892,0.99784,0.99892,0.99892,0.99892,0.9982,0.99892,0.9982,0.99856,0.99856,0.99208,0.97822,0.99748,0.99892,0.99892,0.99892,0.9982,0.99856,0.99892,0.99892,0.99856,0.99712,0.99748,0.9982,0.99604,0.99892,0.9982,0.99892,0.9982,0.9982,0.99388,0.99676,0.99892,0.99856,0.99532,0.99856,0.99892,0.99892,0.98578,0.99748,0.99496,0.99784,0.99892,0.98128,0.99532,0.99892,0.99892,0.99712,0.99892,0.99784,0.99892,0.9928,0.99892,0.99892,0.99892,0.99892,0.9982,0.99856,0.99892,0.99892,0.99892,0.99892,0.99856,0.99892,0.99784,0.99892,0.99892,0.99892,0.99856,0.9982,0.99892,0.99856,0.99784,0.99892,0.9982,0.9982,0.99892,0.9982,0.99676,0.99892,0.99676,0.99892,0.99892,0.9982,0.9964,0.99892,0.99784,0.99892,0.99676,0.99748,0.99892,0.99892,0.99676,0.99424,0.99676,0.99568,0.9982,0.99676,0.9982,0.99748,0.9964,0.99892,0.99892,0.99892,0.9982,0.99856,0.9982,0.99784,0.9982,0.99892,0.99892,0.99892,0.99892,0.99568,0.9982,0.99784,0.99892,0.99892,0.99856,0.99856,0.99892,0.99892,0.99892,0.9982,0.99892,0.99856,0.99892,0.99856,0.99892,0.99856,0.99892,0.99892,0.99892,0.99856,0.99856,0.99892,0.99892,0.99892,0.9982,0.99856,0.99856,0.9982,0.9982,0.9982,0.99892,0.99892,0.99784,0.99856,0.99712,0.99892,0.9982,0.9982,0.99892,0.9982,0.99748,0.99532,0.98956,0.99856,0.99892,0.9982,0.99856,0.99856,0.99892,0.9982,0.99856,0.99784,0.99748,0.99856,0.99856,0.99892,0.99892,0.99856,0.99568,0.99856,0.99892,0.9964,0.99892,0.9982,0.99892,0.9982
0,0,0,0,0,0,0,0,0,0,0,0,0,0,0,0,0,0,0,0,0,0,0,0,0,0,0,0,0.81316,0,0,0,0,0,0.6288400000000001,0,0,0,0,0,0,0,0,0,0,0,0,0,0,0,0,0,0,0,0,0,0,0,0,0,0,0,0,0,0,0,0,0,0,0,0,0,0,0,0,0,0,0,0,0,0.40059999999999996,0,0,0,0,0,0,0,0,0,0,0,0,0,0,0,0,0.64306,0.4708,0,0,0,0,0,0,0,0,0,0,0,0,0,0,0,0,0,0,0,0,0,0,0,0,0,0,0.28774,0,0,0,0,0,0,0,0,0,0,0,0,0,0.3071799999999999,0,0,0,0,0,0,0,0,0,0.7705,0,0,0,0,0,0,0.5338,0,0,0,0,0,0,0,0,0,0,0,0,0.48573999999999995,0,0,0,0,0,0.56728,0,0,0,0.18009999999999993,0,0.6814,0,0,0,0,0.45658,0,0,0,0,0,0.48250000000000004,0,0,0,0,0,0.24562000000000006,0,0,0,0,0,0,0,0,0.78004,0.26236000000000004,0,0,0,0,0.7287399999999999,0,0,0,0,0.58276,0,0,0,0.3460599999999999,0.847,0,0.32464000000000004,0,0,0,0.6875199999999999,0,0,0,0,0,0.13635999999999993,0,0.62362,0,0,0,0.56206,0,0,0,0,0.24903999999999993,0.61876,0.8794,0.96436,0.75592,0.87256,0.77338,0.40149999999999997,0.7714,0.88354,0.80254,0.30556000000000005,0.8632,0.97318,0.60544,0.98254,0.99028,0.99316,0.99568,0.99568,0.99532,0.9964,0.99568,0.9946,0.98128,0.88246,0.9928,0.99532,0.99424,0.99568,0.99316,0.9964,0.99568,0.99604,0.95824,0.9928,0.98686,0.99424,0.99424,0.9829,0.99568,0.99532,0.99604,0.99388,0.6904,0.99244,0.99316,0.99388,0.99244,0.76546,0.99532,0.99352,0.9883,0.9937
0,0,0,0,0,0,0,0,0,0,0,0,0.5365,0,0,0,0,0,0,0.21502,0,0,0,0,0,0,0,0,0,0,0,0,0,0,0,0,0,0,0,0,0,0,0,0,0,0,0,0,0,0,0,0,0.19719999999999993,0,0,0,0,0,0,0,0,0,0,0,0,0,0,0,0,0,0,0,0,0,0,0.26613999999999993,0,0,0,0,0,0,0,0,0,0,0,0.41428,0,0,0,0,0,0,0,0,0,0,0,0,0,0,0,0,0,0,0.22492,0,0.47241999999999995,0,0,0,0,0,0,0,0,0,0,0,0,0,0,0,0,0,0,0,0,0,0,0,0,0,0,0,0,0,0,0,0,0,0,0.85294,0,0,0,0,0,0,0,0,0,0,0,0,0,0,0,0,0.2272599999999999,0,0,0,0,0,0,0,0,0,0,0,0,0,0,0,0,0,0,0,0,0,0,0,0,0,0,0,0,0,0,0,0,0,0,0,0,0,0,0,0,0,0,0,0,0.30556000000000005,0,0,0,0,0,0,0,0,0,0,0,0,0,0,0,0,0,0,0,0,0,0.46107999999999993,0,0,0,0,0,0,0,0,0,0,0,0,0,0,0.33346,0,0,0,0,0,0,0,0,0,0,0,0,0,0,0,0,0,0,0,0,0,0,0,0,0,0,0,0,0,0,0,0,0,0,0,0,0,0,0,0.1901799999999999,0,0,0,0,0,0,0,0,0,0,0,0,0,0,0,0,0
0,0,0,0,0.79444,0.6603399999999999,0,0,0,0,0,0.7804,0.80938,0,0.79264,0.12682000000000004,0,0,0.24525999999999992,0,0,0,0.20350000000000001,0,0,0.31672,0,0,0,0,0,0,0,0,0,0,0,0,0,0,0,0,0,0.68482,0.19611999999999996,0,0,0.25893999999999995,0.65728,0,0.5420799999999999,0,0,0,0,0,0.10846,0,0.74242,0,0,0,0.14464,0,0.9103600000000001,0,0.7791399999999999,0.7692399999999999,0,0.6864399999999999,0.96238,0.8889400000000001,0.96508,0,0.5123800000000001,0,0.96976,0,0.89002,0.73306,0.7107399999999999,0.7368399999999999,0.8434,0.84322,0.95536,0.97048,0.7327,0.72388,0.784,0.83296,0.8086599999999999,0.80002,0.74188,0.7021,0.7771600000000001,0.76366,0.86626,0.98434,0.98812,0.99208,0.99532,0.982,0.97516,0.98182,0.9964,0.99424,0.9964,0.98128,0.99532,0.96742,0.99604,0.6688000000000001,0.98974,0.99532,0.99568,0.99496,0.9964,0.99568,0.99604,0.99532,0.9856,0.75682,0.99208,0.9964,0.9964,0.99496,0.99532,0.99604,0.99604,0.9856,0.99604,0.99604,0.99532,0.99244,0.9964,0.9964,0.9964,0.99424,0.99352,0.99604,0.99532,0.99568,0.99532,0.99676,0.99676,0.9964,0.99604,0.99424,0.9946,0.9946,0.99046,0.9964,0.99712,0.99676,0.99676,0.9964,0.99532,0.99532,0.99424,0.9740800000000001,0.99622,0.96868,0.99316,0.94996,0.98884,0.98596,0.99352,0.99532,0.99424,0.99676,0.9964,0.99244,0.99676,0.99568,0.9964,0.99568,0.99604,0.99622,0.99622,0.9964,0.99496,0.99208,0.99712,0.99604,0.99532,0.9964,0.99568,0.99424,0.9964,0.99028,0.99532,0.99604,0.96544,0.9964,0.95626,0.9928,0.99676,0.99496,0.99496,0.99676,0.99496,0.9964,0.99568,0.99226,0.991,0.98848,0.99604,0.95428,0.96958,0.98956,0.99568,0.99244,0.97156,0.99568,0.99532,0.97822,0.99352,0.99604,0.99208,0.9964,0.99532,0.99712,0.9964,0.99604,0.99712,0.99316,0.9964,0.9964,0.99568,0.99604,0.99568,0.99586,0.99496,0.99496,0.99496,0.9964,0.99568,0.99604,0.99532,0.9928,0.99496,0.99712,0.99604,0.99208,0.9946,0.99496,0.99568,0.9928,0.98956,0.99496,0.99172,0.99604,0.99568,0.99676,0.9964,0.99676,0.99676,0.99676,0.9964,0.9964,0.99568,0.98992,0.99712,0.99496,0.9964,0.99208,0.9892,0.9946,0.99028,0.99388,0.98884,0.99388,0.99568,0.99568,0.99568,0.99388,0.99406,0.99316,0.99532,0.99496,0.99568,0.98992,0.99352,0.99604,0.99604,0.99496,0.9946,0.99424,0.99424,0.99226,0.99712,0.99604,0.99622,0.99604,0.97588,0.99514,0.96652,0.99532,0.99568,0.9964
0,0,0,0,0,0,0,0,0,0,0,0,0,0,0,0.11170000000000002,0.65314,0,0,0.46630000000000005,0,0,0,0,0,0,0.23068,0,0.44038,0,0.79408,0.64576,0,0,0,0,0.11458000000000002,0,0,0.55072,0.8308,0,0,0,0,0.7615,0,0,0,0,0,0,0,0,0,0,0,0,0,0,0,0.45243999999999995,0.87814,0,0.74098,0.91576,0.86464,0,0,0.48034,0.5554,0,0.8561799999999999,0.76294,0.5221,0.65098,0.91846,0.84862,0.6345999999999999,0.74674,0.92746,0.8884,0.8317,0.8567199999999999,0.82216,0.94582,0.89848,0.8190999999999999,0.94798,0.94888,0,0.93952,0.81748,0.83746,0.8014600000000001,0.96544,0.91054,0.8029,0.94906,0.94996,0.9325,0.96742,0.92908,0.9332199999999999,0.95842,0.78616,0.79012,0.91288,0.97606,0.93898,0.95086,0.93898,0.87004,0.98722,0.95032,0.95968,0.96868,0.9555400000000001,0.9279999999999999,0.96418,0.97138,0.9712,0.96382,0.9784,0.98236,0.99226,0.99406,0.99298,0.99406,0.99514,0.99406,0.99478,0.98956,0.99478,0.99514,0.99514,0.99388,0.98506,0.99586,0.9919,0.9955,0.9937,0.99298,0.99352,0.99406,0.99442,0.99406,0.99154,0.99262,0.99478,0.99226,0.99154,0.99316,0.9955,0.99442,0.99586,0.99478,0.99442,0.99406,0.9892,0.99118,0.99586,0.99226,0.99478,0.99406,0.99046,0.9856,0.99514,0.99496,0.99406,0.99082,0.99514,0.99532,0.98722,0.99226,0.99478,0.98902,0.99514,0.99424,0.98542,0.99478,0.99478,0.99262,0.99406,0.99514,0.99262,0.99442,0.98902,0.9928,0.99496,0.99334,0.99406,0.9919,0.99532,0.9955,0.9955,0.99262,0.99514,0.98722,0.99514,0.99514,0.99352,0.99406,0.9919,0.98938,0.99136,0.99298,0.9937,0.99226,0.9937,0.99406,0.9937,0.9937,0.99406,0.99406,0.99298,0.98668,0.99082,0.9955,0.9937,0.99334,0.9883,0.99514,0.98686,0.9928,0.9937,0.99262,0.99082,0.98866,0.99154,0.99334,0.99478,0.99478,0.99406,0.9937,0.99406,0.99478,0.99316,0.99478,0.99514,0.99334,0.9937,0.99478,0.99478,0.99262,0.99586,0.99514,0.99064,0.99406,0.99226,0.99406,0.98866,0.9928,0.9955,0.99262,0.99226,0.99298,0.98362,0.98758,0.98974,0.97966,0.9901,0.99208,0.9865,0.99442,0.99334,0.99496,0.9874,0.99478,0.99514,0.99442,0.99514,0.99406,0.9919,0.99442,0.96688,0.99334,0.9937,0.9946,0.9955,0.9928,0.99478,0.99514,0.99334,0.9937,0.98866,0.98794,0.99442,0.99388,0.99478,0.99478,0.99262,0.99406,0.94078,0.99514,0.99082,0.99262,0.99334,0.99424,0.99406
0,0,0,0,0,0,0,0,0,0,0,0,0,0,0,0,0,0,0,0,0,0,0,0,0,0,0,0,0,0,0,0,0,0,0,0,0,0,0,0,0,0,0,0,0,0,0,0,0,0,0,0,0,0,0,0,0,0,0,0,0,0,0,0,0,0,0,0,0,0,0,0,0,0,0,0,0,0,0,0,0,0,0,0,0,0,0,0,0,0.34678,0,0,0,0,0,0,0,0,0,0,0,0,0,0,0,0,0,0,0,0,0,0,0,0,0,0,0,0,0,0,0.46053999999999995,0,0,0,0,0,0,0,0,0,0,0,0,0,0,0,0,0,0,0,0,0,0,0,0,0,0,0,0,0,0,0,0,0,0,0,0,0,0,0,0,0,0,0,0,0,0,0,0,0,0,0,0,0,0,0,0,0,0,0,0,0,0,0,0,0,0,0,0,0,0,0,0,0,0,0,0,0,0,0,0,0,0,0,0.19269999999999998,0,0,0,0,0,0,0,0,0,0,0,0,0,0,0,0,0,0,0,0,0,0,0,0,0,0,0,0,0,0,0,0,0,0,0,0,0,0.73252,0,0,0,0,0,0,0,0,0.41284,0,0,0,0,0,0,0,0,0,0,0,0,0,0,0,0,0,0,0,0,0,0,0,0,0,0,0,0,0,0,0,0,0,0,0,0,0.17991999999999997,0,0,0,0,0,0,0,0,0,0.26271999999999995,0
0,0,0,0,0,0,0,0,0.61066,0,0,0,0,0,0,0,0.81586,0.9103600000000001,0.20709999999999995,0,0,0,0,0,0,0,0,0,0,0,0.5148999999999999,0,0,0,0,0.54982,0,0.86446,0.9748,0,0,0,0,0,0.42652,0.33346,0.97084,0,0,0,0,0,0,0.5409999999999999,0.89056,0,0.94906,0.94762,0.95896,0.96238,0.99028,0.99064,0.94204,0.89074,0.99604,0.99712,0.9964,0.99496,0.99784,0.99748,0.99694,0.99784,0.99676,0.98704,0.99748,0.99748,0.99064,0.99748,0.99586,0.90316,0.99784,0.99568,0.99676,0.98704,0.99568,0.9568,0.98992,0.99352,0.9964,0.99316,0.99568,0.99748,0.99784,0.99784,0.9928,0.99784,0.99748,0.99748,0.9973,0.99748,0.9964,0.99676,0.9928,0.99784,0.9964,0.99784,0.99748,0.99568,0.991,0.99424,0.99784,0.99676,0.99748,0.99712,0.98668,0.99748,0.99352,0.99712,0.99712,0.99712,0.99532,0.99712,0.99604,0.99568,0.99676,0.9883,0.99784,0.99748,0.99604,0.99424,0.9964,0.99748,0.99748,0.99424,0.99388,0.98434,0.99028,0.99622,0.99172,0.99748,0.99496,0.99676,0.99622,0.99748,0.99496,0.99532,0.99784,0.99622,0.99388,0.99532,0.99712,0.99604,0.9964,0.99568,0.99748,0.99748,0.9964,0.99568,0.99064,0.99424,0.99496,0.99532,0.99496,0.99748,0.99568,0.99604,0.99748,0.99784,0.99748,0.99748,0.99676,0.99748,0.99784,0.99748,0.99748,0.99784,0.98848,0.99532,0.99496,0.99712,0.9964,0.99676,0.99784,0.99676,0.9964,0.99748,0.99784,0.99532,0.9946,0.99604,0.99712,0.99784,0.99748,0.99748,0.99604,0.9964,0.99316,0.99784,0.99712,0.99784,0.9973,0.99352,0.99028,0.99784,0.99712,0.9964,0.9964,0.99586,0.99208,0.9964,0.99784,0.99712,0.99676,0.99676,0.99748,0.99676,0.99622,0.99676,0.99748,0.9964,0.99784,0.99712,0.99784,0.99712,0.99784,0.99676,0.99784,0.99784,0.99712,0.99676,0.99694,0.99676,0.99712,0.9964,0.99064,0.99676,0.99748,0.9973,0.9964,0.99802,0.9964,0.99316,0.9937,0.99748,0.99676,0.99352,0.99424,0.99712,0.99604,0.99514,0.99784,0.99496,0.98524,0.99748,0.9973,0.99136,0.9964,0.9856,0.99748,0.98488,0.99784,0.99676,0.99784,0.99712,0.99496,0.99748,0.99496,0.99784,0.99712,0.99784,0.99676,0.99712,0.99244,0.99676,0.99712,0.98992,0.67402,0.99712,0,0.99604,0.9973,0.9973,0.99676,0.99712,0.99208,0.9973,0.99694,0.99586,0.99622,0.9955,0.99694,0.9973,0.99676,0.99586,0.9973,0.99766,0.99424,0.99604,0.99802,0.99802
0.43372,0,0.46738,0.7984,0,0.6875199999999999,0,0.78148,0,0.6104799999999999,0,0,0,0,0,0,0.12952000000000008,0,0.37107999999999997,0,0,0.43209999999999993,0,0,0,0,0,0.97318,0,0.87724,0,0.9103600000000001,0,0,0.48556,0.41103999999999996,0,0.76078,0,0,0,0,0,0,0.9091,0,0,0.49330000000000007,0,0.92854,0,0.26956,0.70102,0.50248,0,0.9856,0.6517,0.98056,0.88264,0.7001200000000001,0.91648,0.8839,0.91306,0.98164,0.99622,0.90316,0.99352,0.99766,0.9973,0.99676,0.99766,0.9973,0.99676,0.99622,0.99604,0.99622,0.99442,0.9973,0.99712,0.99766,0.99766,0.9973,0.99658,0.99046,0.9973,0.99676,0.9973,0.99766,0.99622,0.99658,0.99766,0.99586,0.99406,0.99478,0.99658,0.99658,0.9955,0.97948,0.9973,0.99406,0.99622,0.9919,0.99676,0.97984,0.9955,0.99694,0.99694,0.99334,0.99766,0.99514,0.99658,0.99082,0.99586,0.99478,0.9973,0.99658,0.99622,0.99316,0.99766,0.99694,0.9973,0.99406,0.99766,0.99766,0.99658,0.99478,0.99694,0.99766,0.99406,0.99622,0.99694,0.99766,0.99766,0.99694,0.99694,0.99694,0.99478,0.99478,0.99766,0.9973,0.99694,0.99406,0.9973,0.99658,0.9973,0.99766,0.99694,0.99766,0.9973,0.99766,0.98938,0.99118,0.9973,0.9973,0.76564,0.99208,0.99316,0.9937,0.99658,0.99766,0.97174,0.9928,0.99712,0.9937,0.99694,0.99118,0.9856,0.99658,0.99406,0.99478,0.99694,0.99766,0.99604,0.99586,0.99658,0.98218,0.99622,0.9973,0.99622,0.9973,0.99622,0.9973,0.99658,0.99658,0.99514,0.9973,0.99766,0.98776,0.99406,0.99694,0.9973,0.99298,0.99748,0.9955,0.99172,0.99496,0.9973,0.99352,0.99262,0.9973,0.9973,0.9973,0.99604,0.99658,0.99118,0.99586,0.99496,0.98866,0.9937,0.99478,0.99082,0.99406,0.9784,0.99316,0.99586,0.99136,0.99514,0.99622,0.99658,0.99604,0.99586,0.99622,0.99766,0.99694,0.9973,0.9973,0.9973,0.99748,0.99694,0.99676,0.99694,0.99766,0.9964,0.99694,0.99586,0.99226,0.99586,0.99568,0.99622,0.99694,0.99262,0.98794,0.9955,0.9973,0.99514,0.99694,0.99694,0.99406,0.9955,0.99676,0.9973,0.99514,0.9946,0.9973,0.99622,0.99694,0.99658,0.99478,0.99442,0.99622,0.98578,0.99334,0.9937,0.99766,0.9973,0.9973,0.99694,0.9973,0.9973,0.99658,0.9937,0.99658,0.9973,0.99766,0.99622,0.99478,0.98866,0.85924,0.99352,0.99118,0.99388,0.99622,0.97264,0.99136,0.99622,0.99658,0.99298,0.99586,0.99766,0.9973,0.99694,0.99766,0.9973,0.99622,0.99658,0.99478,0.99658,0.99658,0.99694,0.99622
0,0,0,0,0,0,0,0,0,0,0,0,0.10089999999999999,0,0,0,0,0,0,0.36766,0,0,0.14608,0,0,0,0,0,0.25371999999999995,0,0,0,0,0,0.60472,0,0,0.20764000000000005,0,0,0.7488999999999999,0,0,0,0.95068,0.31113999999999997,0.856,0.87796,0.64864,0,0,0.667,0.55432,0.83314,0.74638,0.70516,0.23427999999999993,0.75394,0.8880399999999999,0.75754,0.75106,0.43155999999999994,0.8223400000000001,0.34750000000000003,0.8578,0.84178,0.94726,0.82,0.74908,0.85474,0.75214,0.9811,0.95104,0.92062,0.84196,0.95878,0.95338,0.82828,0.92278,0.91774,0.7296400000000001,0.97696,0.6491800000000001,0.62596,0.9847,0.95068,0,0.7087600000000001,0.97444,0.98128,0.98434,0.99622,0.99658,0.99658,0.99658,0.99586,0.99622,0.99532,0.99586,0.99622,0.99442,0.99658,0.99694,0.99658,0.9739,0.99586,0.9919,0.99298,0.99622,0.99694,0.99622,0.99586,0.99586,0.99658,0.99694,0.99694,0.99388,0.99532,0.99658,0.9937,0.99442,0.9555400000000001,0.99568,0.99586,0.9964,0.99586,0.99568,0.99658,0.99532,0.95428,0.9955,0.9955,0.99658,0.98362,0.99586,0.97894,0.98686,0.98074,0.9955,0.9946,0.99622,0.99586,0.99622,0.98938,0.99478,0.99514,0.99514,0.99514,0.99604,0.99694,0.99586,0.99334,0.9955,0.99586,0.99478,0.99298,0.9829,0.99082,0.99478,0.99388,0.99406,0.99586,0.98974,0.99694,0,0.9937,0.99262,0.99298,0.99334,0.9937,0.99586,0.99046,0.99658,0.99442,0.9937,0.99658,0.99658,0.99694,0.99586,0.99658,0.99334,0.9955,0.9955,0.99298,0.99586,0.99658,0.99658,0.9955,0.99478,0.9937,0.9955,0.99478,0.99316,0.99406,0.9955,0.99406,0.99334,0.99658,0.9955,0.9955,0.99586,0.99442,0.9955,0.9766,0.9955,0.99658,0.99442,0.99046,0.99442,0.99478,0.99586,0.99298,0.99622,0.9955,0.98002,0.99532,0.99622,0.99442,0.99442,0.99154,0.99586,0.99442,0.99586,0.99694,0.9955,0.99622,0.99622,0.99334,0.99658,0.99568,0.99658,0.99658,0.9955,0.99334,0.98542,0.99298,0.9955,0.99694,0.99694,0.99514,0.99622,0.99658,0.9964,0.99694,0.9955,0.99478,0.9946,0.99478,0.99658,0.9955,0.99622,0.99694,0.99532,0.99478,0.99442,0.99658,0.99658,0.99586,0.99658,0.99622,0.99604,0.9937,0.99586,0.99622,0.99658,0.99478,0.99658,0.9955,0.9955,0.99478,0.99658,0.99586,0.99514,0.99406,0.99694,0.9955,0.99478,0.99442,0.99694,0.99694,0.99514,0.9937,0.99622,0.99568,0.99118,0.99244,0.99478,0.99262,0.99298,0.9955,0.99694,0.99586,0.99694,0.99586,0.99586,0.99586,0.99622,0.9919,0.9955,0.99226
0.93808,0,0.86626,0.87166,0.77986,0.7605999999999999,0.33238,0.87202,0.95302,0.87958,0.92242,0.95392,0,0.9154,0.98002,0.98434,0.96868,0.94348,0.96922,0.9332199999999999,0.97642,0.97804,0.9973,0.99784,0.99856,0.9982,0.9982,0.99622,0.9982,0.99856,0.99856,0.9964,0.9982,0.99748,0.99856,0.9982,0.99856,0.99856,0.99784,0.99748,0.99856,0.99838,0.9982,0.99856,0.9982,0.99856,0.99856,0.99856,0.99784,0.9982,0.99856,0.99784,0.99856,0.99676,0.99856,0.99838,0.99784,0.99856,0.99784,0.99622,0.9982,0.99406,0.99514,0.9964,0.9982,0.99856,0.99784,0.99586,0.99712,0.99748,0.99676,0.99784,0.98956,0.99712,0.9982,0.99748,0.9982,0.99712,0.99784,0.99496,0.99856,0.99784,0.9982,0.99748,0.99856,0.99694,0.99838,0.99838,0.99766,0.99712,0.99676,0.99766,0.99856,0.9982,0.99748,0.9982,0.9982,0.99334,0.99856,0.9982,0.99406,0.99622,0.9982,0.99658,0.99748,0.99856,0.99856,0.99712,0.99784,0.99856,0.9982,0.99838,0.9982,0.99856,0.9982,0.99856,0.9982,0.99856,0.99784,0.99856,0.9982,0.9982,0.99784,0.99712,0.99694,0.99784,0.99856,0.99784,0.99694,0.99712,0.99568,0.99856,0.9982,0.99676,0.9982,0.99856,0.99748,0.99244,0.9982,0.99784,0.99856,0.99784,0.99856,0.99748,0.99784,0.99568,0.99856,0.99748,0.9982,0.9982,0.99784,0.99568,0.9964,0.99784,0.99802,0.9982,0.99856,0.99712,0.99856,0.99856,0.9982,0.99856,0.9973,0.99856,0.98776,0.99856,0.9982,0.99676,0.99712,0.9982,0.9982,0.9982,0.99856,0.99856,0.99856,0.99856,0.99856,0.9982,0.99388,0.99748,0.99676,0.99856,0.99694,0.99856,0.99802,0.99856,0.99676,0.99748,0.99676,0.99784,0.99622,0.99838,0.99658,0.9982,0.99568,0.99856,0.99856,0.99856,0.9982,0.9982,0.99802,0.9982,0.99856,0.99784,0.9982,0.99712,0.99712,0.99136,0.9982,0.99784,0.99784,0.9982,0.99784,0.99784,0.99856,0.99784,0.99856,0.99856,0.99766,0.99856,0.99748,0.99802,0.99676,0.99784,0.9982,0.99856,0.99784,0.99712,0.99694,0.99856,0.99856,0.99748,0.99784,0.99712,0.99496,0.9982,0.99748,0.99838,0.99856,0.99766,0.99586,0.99856,0.99856,0.99658,0.9901,0.99784,0.99784,0.99856,0.99784,0.99856,0.99748,0.99748,0.99748,0.99748,0.9982,0.99856,0.9982,0.99658,0.99712,0.99856,0.9973,0.99676,0.9982,0.9982,0.99748,0.99712,0.99748,0.9964,0.99622,0.99856,0.99712,0.9982,0.99676,0.99856,0.99784,0.99802,0.99712,0.99856,0.99658,0.99748,0.99856,0.99784,0.9982,0.9973,0.99856,0.9982,0.99676,0.99784,0.99748,0.99784,0.99802,0.9982,0.99856,0.99784,0.99856,0.99784,0.99856,0.99622,0.99712,0.99748
0,0,0.79498,0.9198999999999999,0,0,0,0,0,0.81334,0,0,0.56746,0,0,0,0,0,0,0,0,0,0,0,0,0,0,0,0.76366,0,0,0,0.73018,0,0,0,0,0,0.29746000000000006,0,0.71506,0,0,0,0,0,0,0,0,0.93736,0.31492,0,0.18657999999999997,0,0,0,0.8983,0.68068,0,0,0,0.24040000000000006,0,0,0.94168,0.9436599999999999,0.80614,0.96778,0,0,0,0.92494,0,0.8109999999999999,0,0,0.9198999999999999,0.95014,0,0,0.50338,0.75052,0.86446,0.98956,0.99622,0.99046,0.99658,0.9613,0.99568,0.99586,0.9388,0.9964,0.99604,0.99694,0.99694,0.9784,0.96796,0.9964,0.99532,0.9973,0.99658,0.99586,0.9973,0.99694,0.9973,0.99586,0.9973,0.9973,0.99694,0.98038,0.99766,0.9973,0.9973,0.99622,0.96688,0.99622,0.99676,0.99766,0.99676,0.99622,0.99694,0.9973,0.99658,0.99298,0.99622,0.99514,0.99388,0.99766,0.99622,0.99658,0.8828199999999999,0.9973,0.99586,0.99694,0.99586,0.99676,0.9973,0.9955,0.99712,0.99694,0.99622,0.99586,0.99694,0.9973,0.99622,0.9955,0.9955,0.96472,0.9919,0.99694,0.99658,0.99766,0.99694,0.99766,0.99478,0.99514,0.99622,0.99694,0.99766,0.9973,0.99694,0.99694,0.99766,0.99658,0.9946,0.9955,0.99226,0.99424,0.99208,0.99658,0.98956,0.99586,0.99316,0.99694,0.99586,0.99586,0.99244,0.99316,0.99496,0.99694,0.9973,0.99658,0.99766,0.99622,0.9973,0.99766,0.99586,0.9973,0.9973,0.99694,0.99694,0.9973,0.99586,0.99766,0.99766,0.9973,0.99046,0.99766,0.99766,0.99622,0.99694,0.99658,0.99586,0.99622,0.99478,0.99406,0.99262,0.99298,0.9973,0.9847,0.99694,0.99622,0.99694,0.9973,0.99658,0.99514,0.99658,0.9973,0.99766,0.99658,0.99694,0.9955,0.99586,0.99262,0.99208,0.99262,0.99694,0.9955,0.99118,0.99694,0.99766,0.99766,0.99658,0.99676,0.98434,0.99478,0.99622,0.99568,0.9955,0.99352,0.99334,0.91234,0.99586,0.99622,0.99658,0.99622,0.99442,0.99604,0.99604,0.99442,0.99622,0.99766,0.99694,0.99496,0.99694,0.99658,0.9973,0.99766,0.99586,0.99622,0.99694,0.99766,0.99766,0.99514,0.9955,0.99694,0.9973,0.99766,0.9973,0.99766,0.99694,0.9973,0.99766,0.99766,0.9973,0.9973,0.99694,0.99694,0.9973,0.99586,0.99766,0.99622,0.9955,0.99766,0.99694,0.99586,0.99766,0.99694,0.99226,0.99586,0.99766,0.99622,0.99676,0.99622,0.99766,0.99694,0.9937,0.99622,0.99298,0.99586
0,0,0.48268,0,0,0,0,0,0,0,0,0,0,0,0,0,0,0,0,0,0,0,0,0,0,0,0,0,0,0,0,0,0,0,0,0,0,0,0,0,0,0,0,0,0,0,0,0,0,0,0,0,0,0,0,0,0.23985999999999996,0,0,0,0,0,0,0,0,0,0,0,0,0,0,0,0,0,0,0,0,0,0,0,0,0,0,0,0,0,0,0,0,0,0,0,0,0,0,0.35038,0,0,0,0,0,0,0,0,0,0,0,0,0.37305999999999995,0,0,0,0,0.71218,0,0,0,0,0,0,0,0,0,0,0,0,0,0,0,0,0,0,0,0,0,0,0,0,0,0,0,0,0,0,0,0,0,0,0,0,0,0,0,0,0,0,0,0,0,0,0,0,0.68572,0,0,0,0,0,0,0,0,0,0,0,0,0,0,0.6311800000000001,0.12556,0,0,0,0,0.10882000000000003,0,0,0,0,0,0,0,0,0,0,0,0,0,0,0,0,0,0.33507999999999993,0,0,0,0,0,0,0,0,0,0,0,0,0,0,0.66394,0,0,0,0,0,0,0,0,0,0,0,0,0,0,0,0,0.18046000000000006,0,0,0,0,0,0,0,0,0,0,0,0,0,0,0.39178,0,0,0,0,0,0,0,0,0,0,0,0,0,0,0,0,0,0,0,0,0,0.7471,0,0,0,0.23229999999999995,0,0,0,0.34282,0,0,0,0.50554,0,0,0,0.36550000000000005,0,0,0,0,0,0,0,0,0,0,0,0,0
0,0,0,0,0,0,0,0,0,0,0.9406,0,0,0,0,0,0,0,0,0,0.24022,0,0.73522,0,0.7159599999999999,0.79786,0,0.32392,0,0,0,0.92962,0,0.2017,0.43714,0,0,0,0,0,0,0,0,0,0.19396000000000002,0,0,0,0.57898,0,0,0,0,0,0.15417999999999998,0,0,0,0,0,0,0.23446,0.59392,0,0.10072000000000003,0,0,0.10755999999999999,0.43732000000000004,0,0.92854,0,0,0.9307,0.52228,0.55792,0.60562,0.4668399999999999,0.8911,0.86392,0.92638,0.9451,0.96832,0.47763999999999995,0.90982,0.99658,0.9973,0.99622,0.99604,0.9973,0.982,0.99604,0.99622,0.99478,0.9973,0.9955,0.99478,0.99586,0.99442,0.9973,0.99658,0.99226,0.9928,0.9973,0.99766,0.99694,0.99694,0.99694,0.99334,0.99028,0.99298,0.99586,0.99406,0.99586,0.99586,0.9964,0.99388,0.99622,0.99694,0.99766,0.99766,0.99694,0.99766,0.99658,0.99712,0.99694,0.99676,0.99658,0.99694,0.99622,0.99658,0.99604,0.9802,0.99532,0.99604,0.9973,0.9964,0.9973,0.99694,0.98938,0.99154,0.98884,0.99766,0.99694,0.99658,0.99766,0.9964,0.76312,0.9955,0.97336,0.99766,0.9937,0.99334,0.99658,0.99766,0.99442,0.9955,0.98974,0.98398,0.9829,0.9973,0.991,0.99658,0.98902,0.9973,0.9955,0.99586,0.56512,0.99766,0.99766,0.99568,0.99604,0.99766,0.99532,0.99208,0.99766,0.99694,0.9973,0.99694,0.99622,0.99658,0.9973,0.99586,0.99694,0.99658,0.99532,0.99478,0.99622,0.99766,0.9946,0.99478,0.9955,0.9973,0.99478,0.99478,0.9919,0.99766,0.99694,0.99694,0.98794,0.9955,0.9946,0.99478,0.99658,0.9973,0.99766,0.99712,0.99532,0.99766,0.9973,0.99694,0.99622,0.99586,0.9973,0.99658,0.9973,0.99766,0.99586,0.99766,0.98848,0.9973,0.99334,0.99766,0.9955,0.99298,0.99622,0.99766,0.99478,0.99766,0.9928,0.99514,0.99694,0.99406,0.99586,0.99118,0.99622,0.99676,0.99586,0.9973,0.99604,0.99622,0.99586,0.99622,0.99676,0.9973,0.9973,0.99658,0.99568,0.99766,0.99766,0.99586,0.9955,0.99622,0.99766,0.99694,0.99766,0.99514,0.99766,0.99658,0.99586,0.99586,0.99478,0.99694,0.99532,0.99658,0.99406,0.97822,0.9937,0.99172,0.99676,0.9973,0.9973,0.99622,0.99694,0.99694,0.9973,0.9973,0.9973,0.99622,0.99514,0.99658,0.99766,0.99658,0.9928,0.99658,0.99622,0.9955,0.99694,0.99586,0.99658,0.99568,0.9973,0.99586,0.99586,0.99766,0.99514,0.9973,0.99442,0.9955,0.99442
0.58726,0,0.85636,0,0.93484,0.96076,0.96346,0,0,0.9838,0,0.9739,0.5170600000000001,0,0.99388,0.81046,0.98092,0.99712,0.99784,0.99856,0.99856,0.99856,0.99748,0.99784,0.69652,0.97696,0.99856,0.81334,0.99856,0.9982,0.9982,0.99856,0.99892,0.99892,0.99856,0.99856,0.9982,0.99532,0.9982,0.99892,0.9955,0.99784,0.9982,0.99784,0.99784,0.9982,0.99856,0.99856,0.99856,0.99856,0.99856,0.99694,0.99802,0.99856,0.99856,0.99802,0.99604,0.9982,0.99856,0.99748,0.9982,0.98848,0.99856,0.99892,0.99892,0.99874,0.99838,0.99856,0.99892,0.99892,0.99856,0.99784,0.99874,0.9982,0.9784,0.99892,0.99856,0.99892,0.99838,0.99748,0.99838,0.99748,0.99784,0.99856,0.9982,0.99424,0.99856,0.99856,0.99658,0.99892,0.99892,0.99892,0.9982,0.99892,0.99838,0.99856,0.99892,0.99856,0.99892,0.99748,0.99892,0.99748,0.99892,0.99892,0.9982,0.99892,0.99802,0.99658,0.99892,0.99874,0.99892,0.99892,0.99784,0.99892,0.99856,0.99892,0.9982,0.99856,0.99784,0.99838,0.99892,0.99856,0.99856,0.99892,0.9982,0.99892,0.99892,0.9982,0.99892,0.99856,0.99856,0.9973,0.9982,0.9946,0.99892,0.9982,0.99892,0.99856,0.9982,0.99892,0.99892,0.99856,0.99856,0.99856,0.9982,0.99892,0.99892,0.99856,0.99892,0.99856,0.99892,0.99856,0.99856,0.99856,0.99892,0.99748,0.99604,0.99838,0.99892,0.99748,0.99568,0.99892,0.99856,0.99892,0.99784,0.99856,0.99784,0.9982,0.99712,0.9982,0.99892,0.99892,0.99748,0.99856,0.99874,0.99856,0.99748,0.99892,0.99892,0.99892,0.9982,0.99892,0.9982,0.9964,0.99892,0.99856,0.99892,0.99892,0.99892,0.9946,0.99856,0.99604,0.99856,0.99892,0.99856,0.99856,0.99892,0.99838,0.99856,0.99892,0.99856,0.99838,0.99892,0.99766,0.99892,0.9982,0.9982,0.9982,0.99892,0.9982,0.99892,0.99892,0.9982,0.99856,0.99784,0.9964,0.99892,0.99856,0.99856,0.99712,0.99766,0.99856,0.9955,0.99892,0.99856,0.99568,0.99892,0.99838,0.99892,0.99892,0.99892,0.99856,0.99892,0.9982,0.99784,0.99622,0.99712,0.99856,0.99622,0.98992,0.9982,0.99838,0.99784,0.99838,0.99802,0.99784,0.99892,0.99784,0.99892,0.99892,0.99856,0.99622,0.99856,0.99892,0.99874,0.9982,0.99892,0.99892,0.99892,0.99892,0.9982,0.99838,0.99892,0.99892,0.99874,0.99856,0.99784,0.99784,0.99856,0.99838,0.99892,0.99784,0.99856,0.99892,0.9982,0.99208,0.9982,0.99856,0.99892,0.99892,0.99892,0.99892,0.99892,0.99892,0.9982,0.99892,0.99856,0.99856,0.99568,0.99856,0.99892,0.99892,0.99784,0.99352,0.99676,0.99874,0.99856,0.99892,0.99892,0.99892
0,0,0,0,0,0,0,0,0,0,0,0,0,0,0,0,0,0,0,0,0,0,0,0,0,0,0,0,0,0,0,0,0,0,0.31438,0,0,0,0,0,0,0.55774,0,0,0,0,0,0,0,0.3379599999999999,0,0,0.71776,0,0,0,0,0,0,0.76798,0,0,0.6255999999999999,0.50752,0,0,0,0,0,0.17433999999999994,0,0,0,0,0,0,0,0,0,0,0,0,0.4123,0,0,0.4375,0,0,0,0,0,0,0,0,0,0,0,0,0,0.6502600000000001,0,0.68842,0,0,0.65422,0,0,0,0,0,0,0,0,0.26613999999999993,0.27459999999999996,0,0,0,0,0,0,0,0,0,0,0,0,0,0,0,0,0.76726,0,0,0,0,0,0,0,0,0,0,0,0,0,0,0.69292,0.65728,0,0,0,0.4178799999999999,0,0,0.3808,0,0,0,0,0,0.76078,0,0,0,0,0,0,0,0,0,0,0,0,0.78832,0,0,0,0,0,0,0,0,0,0,0,0,0,0,0,0.79948,0,0,0,0,0.15598,0,0.61084,0,0,0,0,0,0.5023,0,0,0,0,0,0.7686999999999999,0,0,0,0,0,0,0,0,0,0,0,0,0,0,0,0,0,0,0,0,0,0.7181200000000001,0,0,0.56692,0,0,0,0,0,0.6792400000000001,0,0,0,0.7201,0.91432,0,0.16623999999999994,0.1412199999999999,0.6441399999999999,0,0.7454799999999999,0.9505,0.73072,0.26938000000000006,0.76276,0.88912,0.5356,0.9406,0.9082,0,0.8398,0.31689999999999996,0.86392,0,0.89758,0.4668399999999999,0.94762,0.87346,0.7759,0.9505,0.36946,0.20764000000000005,0.81928,0.91918,0.95194,0.90784,0.9514,0.88588,0.83494,0.93646,0.89254,0.8514999999999999,0.97264,0.85024,0.69148,0.97336,0.96508,0.89416,0.9406,0.92062,0.91612,0.96364,0.9946,0.99208,0.9478,0.96796,0.9343,0.98992,0.96904,0.98056
0,0,0,0,0,0,0,0,0,0,0,0,0,0,0,0,0,0,0,0,0,0,0,0,0,0,0,0,0,0,0,0,0,0,0,0,0,0,0,0,0,0,0,0,0,0,0,0,0,0,0,0,0.54802,0,0,0,0.44902,0,0,0,0,0,0,0,0,0,0,0,0,0,0,0,0,0,0,0.27748000000000006,0,0,0,0,0,0,0.37144,0,0,0,0,0,0,0,0,0,0,0,0,0,0,0,0,0,0,0,0,0,0,0,0,0,0,0,0,0,0,0,0,0,0,0,0,0.5581,0,0,0,0,0,0,0,0,0,0,0,0,0,0,0,0,0,0,0,0,0,0,0,0,0,0,0.21484000000000003,0,0,0,0,0.62218,0,0,0,0,0,0,0.68842,0,0,0,0,0,0,0,0,0,0,0.1701999999999999,0,0,0,0,0,0,0,0,0,0,0,0,0,0,0,0,0,0,0,0,0,0,0,0,0,0,0,0,0,0,0,0,0,0,0,0,0,0,0,0,0,0,0,0,0,0,0,0,0,0,0,0,0,0,0,0,0,0,0,0,0,0,0,0,0,0,0,0,0,0,0,0,0,0,0,0,0,0,0,0,0,0,0,0,0,0.12195999999999996,0,0,0,0,0,0.6463,0,0,0,0,0,0,0.6139,0,0.30934000000000006,0,0.11782000000000004,0,0,0,0.53272,0,0,0,0,0,0,0,0,0,0,0.29062,0,0,0,0,0,0,0,0,0,0,0,0
0,0.49726000000000004,0,0,0.1279,0,0.69058,0,0.8344,0,0,0,0.70408,0,0.34407999999999994,0.6099399999999999,0,0,0,0,0,0.7876,0,0.57718,0,0,0,0,0,0,0,0,0,0,0,0,0.12339999999999995,0.18316,0,0,0.7929999999999999,0.45711999999999997,0,0,0.7939,0,0,0,0,0,0,0,0.84934,0,0,0,0,0,0,0.43804,0,0,0.51472,0.91594,0,0,0,0,0.42742,0.5699799999999999,0.64468,0.43965999999999994,0.92782,0.94348,0.19864000000000004,0.9271,0.68554,0.6799599999999999,0.8101,0.6387400000000001,0.5895999999999999,0.9236800000000001,0.70966,0.76456,0.7406200000000001,0.9577,0,0.95122,0.80794,0.88444,0.74152,0.94186,0.95356,0.96112,0.89884,0.93412,0.94384,0.91702,0.97336,0.9433,0.9919,0.99154,0.9946,0.97606,0.94312,0.99514,0.92944,0.9937,0.9928,0.99424,0.99532,0.99082,0.98272,0.99532,0.99532,0.9937,0.93736,0.99388,0.9955,0.99424,0.9946,0.96112,0.9757,0.99208,0.99388,0.99568,0.99424,0.99568,0.99514,0.98632,0.99316,0.99244,0.98776,0.99532,0.9928,0.99496,0.99514,0.98038,0.99226,0.99334,0.9928,0.98884,0.99172,0.99208,0.96238,0.99496,0.99244,0.98992,0.99352,0.98758,0.9901,0.98974,0.9721,0.99172,0.98992,0.98308,0.99532,0.99568,0.99532,0.99604,0.99028,0.9937,0.99316,0.98884,0.99208,0.99496,0.99496,0.99568,0.99352,0.99568,0.99532,0.99496,0.99496,0.98128,0.99316,0.99532,0.9946,0.99532,0.99352,0.99388,0.99388,0.99352,0.99586,0.99172,0.99568,0.99496,0.9946,0.98488,0.99532,0.99244,0.98776,0.99172,0.99424,0.99496,0.99532,0.99316,0.99136,0.99568,0.9946,0.98416,0.99118,0.97876,0.9928,0.9946,0.99064,0.99424,0.99388,0.98974,0.99208,0.99604,0.9946,0.98614,0.9928,0.99388,0.99532,0.9946,0.99064,0.99064,0.99532,0.99352,0.98452,0.99244,0.9946,0.99532,0.99532,0.99424,0.99496,0.99352,0.99442,0.99424,0.99496,0.99388,0.99568,0.92854,0,0.98956,0.98668,0.99442,0.9892,0.9892,0.99028,0.99604,0.9946,0.9928,0.9487,0.99604,0.99568,0.98776,0.99172,0.99604,0.99442,0.99604,0.99568,0.99514,0.99352,0.99136,0.99208,0.99388,0.99568,0.99604,0.99532,0.99496,0.9946,0.99532,0.99424,0.99208,0.99244,0.99514,0.9946,0.99496,0.99514,0.99388,0.99532,0.99352,0.99568,0.99388,0.9937,0.99514,0.99496,0.99154,0.99316,0.9784,0.99208,0.99568,0.99424,0.9946,0.99064,0.99496,0.9937,0.99046,0.99046,0.9928,0.99046,0.99568,0.99352,0.9892,0.99604,0.98848,0.98992,0.99352
0,0.4079799999999999,0.77932,0,0.93448,0.55774,0.83062,0.95248,0.7823800000000001,0.53722,0.85006,0.98416,0.79732,0.7939,0.98002,0.9892,0.99226,0.99352,0.99748,0.93052,0.99478,0.99172,0.99604,0.9721,0.9334,0.99496,0.9964,0.99568,0.99676,0.99622,0.99748,0.99712,0.99676,0.99748,0.99604,0.99784,0.99712,0.99676,0.99712,0.99586,0.99712,0.99568,0.99622,0.99712,0.97192,0.99712,0.97624,0.98956,0.9964,0.9964,0.99622,0.99676,0.99784,0.99712,0.9964,0.99676,0.99784,0.99568,0.99712,0.99136,0.99748,0.99784,0.99028,0.9973,0.99784,0.99586,0.99568,0.99784,0.99748,0.99676,0.99784,0.99676,0.98344,0.99712,0.9964,0.99748,0.99604,0.99748,0.99784,0.99604,0.99532,0.99748,0.99532,0.9964,0.9964,0.99748,0.9955,0.99604,0.99496,0.99568,0.99622,0.99604,0.99784,0.99694,0.99784,0.99604,0.99568,0.99352,0.99712,0.99712,0.99676,0.99388,0.9964,0.99604,0.99568,0.99514,0.99496,0.99622,0.99748,0.99604,0.99676,0.99676,0.99604,0.99568,0.99676,0.99496,0.99676,0.99748,0.99748,0.9946,0.99676,0.99712,0.81046,0.99172,0.99532,0.99784,0.99748,0.99712,0.99712,0.99748,0.99784,0.99748,0.9964,0.99712,0.99478,0.99622,0.991,0.99784,0.9964,0.99676,0.99712,0.99748,0.99784,0.99712,0.99784,0.99712,0.99424,0.99784,0.99568,0.99712,0.99784,0.99748,0.99748,0.99712,0.99676,0.99676,0.9937,0.99784,0.9964,0.99604,0.99604,0.99712,0.99784,0.99784,0.99208,0.99748,0.99748,0.99712,0.99748,0.99532,0.99622,0.99712,0.99712,0.99784,0.99676,0.99658,0.99784,0.99784,0.99748,0.9964,0,0.99064,0.9964,0.99118,0.9964,0.99586,0.99676,0.9964,0.97984,0.99604,0.99316,0.99748,0.9937,0.9946,0.99604,0.99658,0.99658,0.99568,0.99424,0.9964,0.99316,0.99712,0.99388,0.99748,0.99532,0.99784,0.99622,0.99568,0.99748,0.99406,0.98794,0.99676,0.99658,0.99784,0.99676,0.99712,0.99748,0.98974,0.99424,0.99514,0.9946,0.99748,0.99712,0.99748,0.99676,0.9964,0.99676,0.99712,0.99712,0.9964,0.9964,0.99748,0.9946,0.9946,0.99604,0.99784,0.99532,0.99424,0.99064,0.99676,0.9946,0.9964,0.99514,0.9955,0.9964,0.99532,0.99604,0.99352,0.99784,0.99748,0.99748,0.99172,0.99784,0.9964,0.99748,0.99748,0.99676,0.99568,0.99712,0.99712,0.9946,0.99226,0.9964,0.99712,0.99676,0.9928,0.99424,0.99748,0.99748,0.99712,0.9964,0.99712,0.99604,0.99676,0.99712,0.99784,0.99568,0.99748,0.99676,0.99784,0.99784,0.99784,0.99712,0.99748,0.99748,0.99712,0.99748,0.99784,0.99586,0.99712,0.99784,0.99784,0.99748,0.99784,0.99784,0.99784,0.99748,0.99496,0.99748,0.99676
0.71218,0.74998,0.93106,0.93088,0.93304,0.9829,0.98884,0.92026,0.99406,0.98218,0.99334,0.98866,0.99838,0.99838,0.81064,0.99802,0.99838,0.8713,0.99658,0.99838,0.99658,0.99838,0.99838,0.99766,0.99838,0.99838,0.99802,0.99802,0.98362,0.99766,0.9973,0.99838,0.99838,0.9919,0.99586,0.98398,0.96976,0.99802,0.99226,0.9955,0.99802,0.99514,0.99766,0.99802,0.99766,0.99802,0.99208,0.99802,0.99838,0.99838,0.99802,0.99838,0.99694,0.9883,0.99838,0.99802,0.99802,0.99766,0.99802,0.99838,0.99838,0.99766,0.99766,0.99838,0.99838,0.99622,0.99874,0.99838,0.99766,0.99658,0.99838,0.99766,0.99802,0.99766,0.99586,0.99874,0.99802,0.99874,0.99694,0.9973,0.99838,0.99874,0.99874,0.99874,0.99838,0.99118,0.9973,0.99766,0.99622,0.99838,0.99802,0.99694,0.99802,0.99766,0.99802,0.99802,0.99838,0.99694,0.9928,0.99838,0.9973,0.9955,0.99622,0.99874,0.99874,0.99838,0.99838,0.99838,0.99874,0.99874,0.99838,0.99802,0.99802,0.99838,0.99874,0.99802,0.99874,0.99874,0.99838,0.99802,0.99838,0.99838,0.99838,0.99802,0.99766,0.99874,0.99838,0.99874,0.99874,0.99874,0.99874,0.99874,0.99838,0.99766,0.9973,0.99838,0.99874,0.98902,0.99802,0.99766,0.99874,0.99874,0.99874,0.99874,0.99874,0.99838,0.99658,0.99766,0.99874,0.99802,0.9955,0.99766,0.99838,0.99838,0.99874,0.99838,0.99838,0.99838,0.9973,0.99838,0.99874,0.99838,0.99874,0.99802,0.99838,0.99838,0.99838,0.99802,0.99766,0.9973,0.99838,0.99838,0.99622,0.99694,0.99838,0.99802,0.99802,0.99838,0.99874,0.99874,0.99766,0.99838,0.99874,0.99874,0.99766,0.99802,0.99838,0.99838,0.99802,0.99406,0.99874,0.99802,0.99838,0.99874,0.99766,0.99838,0.99874,0.99874,0.99838,0.99874,0.99874,0.99874,0.99874,0.99838,0.99874,0.99838,0.99874,0.99802,0.99874,0.99694,0.99118,0.99766,0.99838,0.99838,0.99694,0.99766,0.99838,0.99874,0.99766,0.99802,0.9955,0.99766,0.99802,0.99694,0.99802,0.9973,0.99838,0.99838,0.99586,0.99694,0.99838,0.99838,0.99802,0.99694,0.9973,0.99802,0.99838,0.99874,0.99766,0.99622,0.99838,0.99874,0.99838,0.99802,0.99334,0.99766,0.99802,0.99874,0.99802,0.99838,0.99766,0.99874,0.99838,0.99478,0.99874,0.99874,0.99874,0.99874,0.99766,0.99874,0.99694,0.99802,0.99874,0.99766,0.99838,0.99802,0.99838,0.99874,0.99874,0.99766,0.99766,0.99838,0.9973,0.99802,0.99838,0.99766,0.99874,0.99838,0.99874,0.99838,0.99874,0.99874,0.99874,0.99874,0.99802,0.99838,0.99802,0.99874,0.99622,0.99874,0.99838,0.99766,0.99838,0.99874,0.99874,0.99802,0.99802,0.99874,0.99874,0.99874
0,0,0,0,0,0.22509999999999997,0,0,0,0,0.6441399999999999,0.10774000000000006,0,0,0,0,0.21502,0,0,0,0,0,0,0,0,0,0,0,0,0,0,0,0,0,0,0,0,0,0,0,0,0,0,0,0,0,0,0,0,0,0,0,0,0,0,0,0,0,0,0,0,0,0,0,0,0,0,0,0,0,0,0,0,0,0,0,0,0,0,0,0,0.23895999999999995,0,0,0.18099999999999994,0,0,0,0,0,0,0,0,0,0,0,0,0,0,0,0,0,0,0,0,0,0,0,0,0,0,0,0,0.6765399999999999,0,0,0,0,0,0,0,0,0,0,0,0,0,0,0,0,0,0,0,0,0,0,0,0,0,0,0,0,0,0.40059999999999996,0,0,0,0,0,0,0,0,0,0,0,0,0,0,0,0,0,0,0,0,0,0,0.42489999999999994,0,0,0,0,0,0,0,0,0,0,0,0,0,0,0,0,0,0,0,0,0.62218,0,0,0,0,0,0,0,0,0,0,0,0,0,0,0.57304,0,0.30213999999999996,0,0,0,0,0,0,0,0.71848,0,0,0,0,0,0,0,0,0,0,0,0,0,0,0,0,0,0,0,0,0,0,0,0,0,0,0,0,0,0,0,0,0,0,0,0,0,0,0,0,0,0,0,0,0,0,0,0,0,0,0,0,0,0,0,0,0,0,0,0,0,0,0,0,0,0,0,0,0,0,0,0,0,0,0,0,0,0,0,0,0,0,0,0,0,0,0
0.88714,0.93628,0.95536,0.9901,0.89056,0.9262,0,0.99766,0.99838,0.9991,0.9991,0.9991,0.9991,0.99838,0.99874,0.99064,0.9991,0.99856,0.99892,0.9991,0.9991,0.9991,0.9991,0.9991,0.97102,0.9991,0.99874,0.99838,0.9991,0.99856,0.9982,0.9991,0.9973,0.99892,0.9964,0.9991,0.99856,0.99874,0.9991,0.9991,0.9991,0.9991,0.7181200000000001,0.9991,0.9991,0.9991,0.98686,0.99874,0.99838,0.9991,0.9991,0.99892,0.9991,0.9991,0.9991,0.9991,0.9991,0.9991,0.9991,0.9991,0.99856,0.96886,0.99658,0.9991,0.99838,0.99838,0.9991,0.99658,0.99838,0.9991,0.99874,0.99838,0.9991,0.99892,0.9991,0.99838,0.99838,0.99694,0.9991,0.9991,0.9991,0.99874,0.9991,0.9991,0.9991,0.99856,0.9991,0.9991,0.9991,0.99406,0.99622,0.99694,0.9991,0.99874,0.9991,0.9991,0.9991,0.9991,0.9991,0.99874,0.9991,0.9991,0.9991,0.99874,0.99352,0.9991,0.9991,0.99838,0.99874,0.9991,0.99802,0.9991,0.99802,0.99874,0.9991,0.99802,0.99694,0.99838,0.99838,0.99766,0.99838,0.9991,0.99334,0.9991,0.99874,0.9991,0.99874,0.99838,0.9991,0.9991,0.9991,0.99874,0.9991,0.99838,0.9991,0.9991,0.9991,0.99766,0.99856,0.9991,0.9991,0.9991,0.9991,0.9991,0.99676,0.9991,0.99874,0.99802,0.99874,0.99874,0.9973,0.99892,0.9991,0.99874,0.99856,0.9991,0.9991,0.9991,0.99784,0.9991,0.9991,0.9991,0.9991,0.99442,0.99892,0.9991,0.9991,0.9991,0.99838,0.9991,0.9991,0.99874,0.9991,0.99658,0.99838,0.9991,0.9973,0.9991,0.9973,0.99874,0.99478,0.9991,0.9991,0.9991,0.99874,0.99784,0.99838,0.99838,0.99154,0.9991,0.9991,0.9991,0.9991,0.99874,0.99766,0.99802,0.9991,0.9991,0.9991,0.9991,0.9991,0.99874,0.99802,0.9991,0.99874,0.99874,0.99802,0.9991,0.9991,0.9991,0.99658,0.99856,0.99802,0.99874,0.99874,0.9991,0.99784,0.99874,0.99622,0.9991,0.9991,0.9991,0.99352,0.9991,0.9991,0.99874,0.9973,0.9991,0.9991,0.99838,0.9991,0.99802,0.9991,0.99874,0.9991,0.9991,0.9991,0.99766,0.9991,0.9991,0.99856,0.99712,0.99604,0.9991,0.99874,0.99802,0.99586,0.99874,0.99838,0.99874,0.99874,0.99802,0.9991,0.99874,0.99874,0.99622,0.9991,0.9991,0.9991,0.9991,0.99874,0.99874,0.99874,0.9991,0.99838,0.9991,0.9991,0.99874,0.99874,0.99874,0.99874,0.99802,0.99874,0.9991,0.99622,0.99712,0.99874,0.99838,0.99874,0.9991,0.99802,0.99442,0.99874,0.9991,0.99874,0.9991,0.9991,0.99874,0.99622,0.9991,0.9991,0.99874,0.9991,0.9991,0.99802,0.99874,0.99874,0.99838,0.9991,0.99838
0,0,0,0,0.6660999999999999,0,0,0.262,0.40726000000000007,0,0,0,0,0,0,0.53128,0,0.6994,0,0,0.70372,0,0.82846,0,0,0,0,0,0.49168,0,0,0.55774,0,0,0.80236,0.48951999999999996,0,0,0,0,0,0,0,0.1018,0.70948,0,0.8686,0,0,0.3680199999999999,0,0,0,0,0.55072,0.37522,0,0,0,0,0,0.93304,0,0,0,0,0.88354,0.5937399999999999,0,0,0,0,0,0,0.66736,0,0.48178,0,0,0.28756000000000004,0,0,0,0,0,0.24256,0.65764,0,0.88714,0,0.15454,0,0,0.78382,0,0.49150000000000005,0.80902,0,0,0.87796,0.51832,0,0,0,0.84484,0,0,0,0.7460199999999999,0,0,0,0,0,0,0,0,0,0,0,0.65188,0,0.73396,0,0,0,0,0,0,0,0,0,0,0,0.49618000000000007,0,0,0,0,0.27856000000000003,0.91882,0,0.51274,0.28791999999999995,0,0,0,0,0,0,0,0.97426,0,0.667,0,0,0.6475599999999999,0.96652,0.90676,0.42562,0.88264,0.9775,0.86788,0.97588,0.95518,0.7066,0.9361,0.99298,0,0.8731,0.99586,0.99622,0.99586,0.99478,0.99478,0.98578,0.94186,0.99478,0.9703,0.99622,0.99622,0.9937,0.99298,0.99604,0.99622,0.9955,0.9937,0.99622,0.99622,0.98542,0.99478,0.99478,0.99478,0.98542,0.9901,0.99658,0.99622,0.99334,0.99478,0.99442,0.99442,0.97012,0.99658,0.9955,0.9955,0.99298,0.99028,0.99568,0.94672,0.99568,0.99568,0.99172,0.9928,0.9946,0.99532,0.99676,0.9964,0.99712,0.98992,0.9964,0.9091,0.98758,0.9928,0.99424,0.99496,0.99082,0.99622,0.9937,0.99568,0.99568,0.99604,0,0.99568,0.99442,0.99496,0.98704,0.99388,0.99136,0.9928,0.9928,0.9874,0.99388,0.99568,0.99424,0.991,0.99208,0.99208,0.9919,0.9955,0.99676,0.9946,0.99424,0.99514,0.99244,0.98488,0.99532,0.99046,0.99676,0.99676,0.99676,0.99496,0.99604,0.99532,0.99496,0.99676,0.99568,0.99424,0.99262,0.99244,0.99568,0.98614,0.99424,0.99244,0.99442,0.99496,0.9964,0.99568,0.99496,0.99424,0.99352,0.99604,0.99676,0.99676,0.9946,0.991,0.98668,0.99568,0.99586,0.99064,0.9937,0.99568,0.99712,0.99532,0.94798,0.99532,0.99604,0.99388,0.9964,0.99586,0.99676
0,0.16749999999999998,0,0,0.35685999999999996,0.57466,0,0.3379599999999999,0,0,0.2629,0,0,0,0,0,0.13761999999999996,0.16515999999999997,0.7201,0.31744000000000006,0.8333200000000001,0,0,0.86734,0,0.8056,0.77356,0.83062,0.90064,0.72586,0.7348600000000001,0.71326,0.84592,0.73378,0.6821200000000001,0.883,0.87256,0.96526,0.72046,0.95158,0.91216,0.95338,0.80236,0.74944,0.8686,0.8155,0.95716,0.892,0.94042,0.94726,0.7460199999999999,0.95248,0.89416,0.98272,0.9847,0.97588,0.9919,0.98236,0.94294,0.9685,0.96292,0.98218,0.89668,0.98956,0.98848,0.97714,0.92386,0.97678,0.98128,0.97984,0.92998,0.97624,0.96544,0.99208,0.98992,0.98398,0.9829,0.99154,0.98362,0.99208,0.98632,0.54118,0.99424,0.99388,0.9874,0.991,0.9937,0.98722,0.99082,0.9946,0.99352,0.99496,0.99388,0.99604,0.99496,0.99568,0.99568,0.99604,0.99568,0.99424,0.99604,0.99532,0.99568,0.99172,0.99244,0.9856,0.99532,0.99424,0.9946,0.99568,0.99568,0.99532,0.99424,0.99568,0.99424,0.99604,0.9946,0.99568,0.9964,0.99532,0.99532,0.99604,0.9955,0.99514,0.99388,0.99568,0.99136,0.99064,0.99208,0.99568,0.9964,0.99388,0.99532,0.99676,0.99586,0.99514,0.99028,0.9892,0.9964,0.99064,0.99514,0.99532,0.99334,0.98992,0.9946,0.9946,0.99352,0.99388,0.99496,0.9892,0.99244,0.99424,0.99586,0.99316,0.9946,0.99172,0.99172,0.99424,0.99568,0.99532,0.99388,0.9928,0.99568,0.99244,0.98992,0.9964,0.99604,0.99442,0.99568,0.9919,0.99316,0.99568,0.99604,0.99532,0.99496,0.99496,0.99604,0.99604,0.99568,0.9928,0.99568,0.9964,0.99604,0.9964,0.9946,0.99604,0.9964,0.99676,0.99568,0.9928,0.99676,0.9946,0.9964,0.9964,0.99568,0.99352,0.9856,0.99424,0.99586,0.99496,0.99172,0.99496,0.99568,0.98848,0.99604,0.99496,0.99568,0.99532,0.99532,0.99676,0.9964,0.9946,0.99064,0.99604,0.9964,0.99532,0.99604,0.9856,0.99388,0.99604,0.99388,0.99496,0.99604,0.99532,0.99028,0.99532,0.99604,0.99532,0.9946,0.99568,0.99568,0.99496,0.9946,0.99388,0.9928,0.9964,0.9946,0.9946,0.9964,0.9946,0.99442,0.99532,0.99622,0.99604,0.99244,0.99604,0.99388,0.99424,0.9964,0.9964,0.99532,0.9964,0.99568,0.99352,0.99532,0.99676,0.99568,0.99604,0.99424,0.99424,0.9964,0.99316,0.99568,0.99424,0.9946,0.99316,0.99676,0.99568,0.9964,0.99604,0.98632,0.99496,0.99352,0.91954,0.99604,0.99316,0.9964,0.99532,0.9964,0.99352,0.99388,0.99604,0.99352,0.9964,0.99568,0.991,0.99496,0.99604,0.99676,0.99676,0.99604,0.99064,0.99496,0.98848,0.9874,0.99532,0.99532,0.99244,0.9964,0.99532
0,0,0,0,0,0,0,0,0,0,0,0,0,0,0,0,0.6660999999999999,0,0,0,0,0,0.9388,0,0,0,0.55252,0,0,0,0,0,0,0,0,0,0,0,0,0,0,0.23842000000000008,0,0,0,0,0,0,0,0.75862,0,0,0,0,0,0,0,0,0,0.1991799999999999,0.8694999999999999,0,0,0.10774000000000006,0,0,0,0,0,0,0,0.8659,0.74332,0.6191199999999999,0,0,0.8506,0.66808,0,0,0,0,0.60544,0,0.74926,0.4360599999999999,0,0,0,0,0,0,0,0,0,0.6184000000000001,0.6097600000000001,0,0,0.41266,0,0.7804,0.9415,0.98254,0.90676,0.96994,0.98596,0.99568,0.99478,0.99712,0.9964,0.98848,0.99766,0.99442,0.99694,0.9973,0.99694,0.9973,0.99622,0.99694,0.99694,0.99406,0.97336,0.9955,0.98326,0.99478,0.9973,0.9964,0.99766,0.9973,0.99694,0.98182,0.99478,0.9946,0.99154,0.98848,0.99748,0.99658,0.99658,0.99586,0.99694,0.99658,0.99208,0.99694,0.99766,0.98254,0.99136,0.99586,0.9865,0.98866,0.78364,0.9973,0.99694,0.99766,0.9964,0.99586,0.9919,0.9973,0.9955,0.99766,0.99694,0.9973,0.99766,0.9955,0.99694,0.99532,0.99478,0.9973,0.99514,0.99766,0.9973,0.9973,0.99532,0.99658,0.99532,0.99568,0.9973,0.99586,0.99694,0.99514,0.99694,0.99694,0.99766,0.9883,0.9946,0.99658,0.99766,0.99694,0.99694,0.99694,0.99586,0.99748,0.99694,0.99622,0.99658,0.99658,0.9973,0.99766,0.9964,0.9973,0.99766,0.99766,0.99766,0.9973,0.9514,0.99586,0.99442,0.99622,0.99658,0.6097600000000001,0.99586,0.99442,0.9973,0.9973,0.99694,0.99226,0.99334,0.99514,0.9973,0.99658,0.9928,0.99334,0.99532,0.99694,0.99118,0.99766,0.99766,0.99622,0.99658,0.99694,0.99568,0.9964,0.99586,0.9973,0.99658,0.99748,0.9973,0.9973,0.99766,0.9964,0.9973,0.99694,0.99694,0.99694,0.9973,0.9973,0.99514,0.9973,0.99694,0.99262,0.99766,0.99694,0.99352,0.99478,0.99154,0.99586,0.9973,0.99658,0.99442,0.99478,0.9973,0.99712,0.99766,0.9973,0.9973,0.99658,0.99442,0.99766,0.99604,0.99766,0.99514,0.99694,0.99694,0.99694,0.99586,0.99766,0.99694,0.99694,0.9946,0.9955,0.99604,0.9973,0.99622,0.99766,0.99658,0.9973,0.99694,0.99694,0.99586,0.99748,0.99622,0.99676,0.99442,0.9955,0.99514,0.99154,0.99442,0.9901,0.99118,0.99514
0,0,0,0,0.23985999999999996,0.31096,0,0,0,0,0,0,0,0,0,0,0,0.5780799999999999,0,0,0,0.8461,0.81316,0,0,0,0,0,0,0.52246,0.7083999999999999,0.22240000000000004,0,0,0.81496,0.5878,0,0.40474,0,0,0,0.7910200000000001,0,0,0.17362,0,0,0,0,0,0,0.64522,0.7591600000000001,0,0,0,0,0.23536,0,0,0,0,0,0.76492,0,0,0,0,0,0.18387999999999993,0,0,0.8619399999999999,0,0,0,0,0,0,0,0,0,0.82414,0.6608799999999999,0,0,0,0,0,0.1583199999999999,0,0.65386,0,0,0,0,0,0,0,0,0,0,0,0,0,0.65566,0.20962000000000003,0.81424,0.64036,0.91,0.73594,0.93304,0.829,0.6880599999999999,0.92008,0.85978,0.77302,0.81658,0.9334,0.83062,0.75466,0.91252,0.85762,0.94906,0.98902,0.89704,0.60328,0.7957,0.9919,0.71164,0.88498,0.92314,0.91648,0.9829,0.99046,0.9019,0.99514,0.99334,0.9559,0.99658,0.99442,0.99658,0.99478,0.99514,0.99622,0.99694,0.97678,0.99622,0.86968,0.6689799999999999,0.99406,0.9937,0.9937,0.99658,0.99514,0.93646,0.99622,0.9928,0.99262,0.99298,0.99226,0.98254,0.99514,0.99082,0.98866,0.99514,0.99586,0.99334,0.99028,0.9955,0.99478,0.9937,0.99478,0.99406,0.99442,0.99658,0.99478,0.98722,0.99514,0.99406,0.98686,0.9928,0.98632,0.96742,0.99262,0.99622,0.9955,0.99586,0.99694,0.99658,0.99586,0.99586,0.99262,0.99226,0.99658,0.99622,0.9865,0.99532,0.99586,0.99694,0.99586,0.99694,0.99586,0.99622,0.99622,0.9937,0.99622,0.99622,0.99586,0.99658,0.99514,0.9955,0.99406,0.99622,0.99586,0.99658,0.99586,0.99622,0.99694,0.99658,0.99316,0.99622,0.99442,0.9937,0.98452,0.99658,0.99622,0.99586,0.99658,0.9955,0.99334,0.99622,0.99406,0.98542,0.98866,0.99514,0.95572,0.99568,0.9946,0.99442,0.99658,0.99586,0.99514,0.9955,0.99406,0.99586,0.99478,0.99478,0.99442,0.99514,0.99334,0.9955,0.9919,0.99406,0.99622,0.99586,0.99532,0.9937,0.99226,0.9955,0.99694,0.99262,0.99586,0.9955,0.99226,0.9937,0.99334,0.99478,0.99406,0.99298,0.99298,0.98974,0.99046,0.99406,0.99658,0.99658,0.99298,0.99514,0.9937,0.99658,0.99658,0.99586,0.99406,0.98632,0.99514,0.99658,0.99622,0.99622,0.99658,0.99514,0.9919,0.99658,0.99172,0.99352,0.9937,0.99082,0.99478,0.99586,0.98866,0.99514
0,0,0,0,0,0,0,0,0,0,0,0.18099999999999994,0,0,0.17506,0,0,0,0.60472,0,0.35344,0.2674000000000001,0.48322,0,0,0.40996,0.60958,0,0.31167999999999996,0.80524,0.3962800000000001,0.83188,0.23319999999999996,0.7858,0.8651800000000001,0.8115399999999999,0.22402,0.68536,0.84538,0.8713,0.98992,0.97516,0.9928,0.9892,0.99568,0.991,0.99676,0.99568,0.99676,0.9964,0.9964,0.99568,0.9928,0.99748,0.9964,0.94834,0.9964,0.9964,0.99748,0.99712,0.99604,0.99568,0.9037,0.99676,0.99208,0.99604,0.99604,0.99568,0.99496,0.99604,0.99568,0.99676,0.9946,0.99712,0.99712,0.99748,0.99712,0.9964,0.99748,0.99676,0.9964,0.99748,0.99568,0.99712,0.99496,0.99064,0.99604,0.99496,0.98344,0.9964,0.99604,0.9964,0.99712,0.99676,0.98758,0.99424,0.99712,0.99568,0.9964,0.9946,0.9946,0.99532,0.99496,0.99604,0.99676,0.99568,0.9946,0.99676,0.95032,0.99748,0.99676,0.98992,0.99514,0.99154,0.9964,0.99712,0.9964,0.99136,0.99676,0.9964,0.99496,0.9928,0.99712,0.97894,0.99694,0.99712,0.98596,0.99172,0.98272,0.99676,0.9964,0.99748,0.99676,0.99172,0.98812,0.99748,0.99748,0,0.99676,0.99748,0.99676,0.99568,0.9964,0.99604,0.99568,0.99712,0.99442,0.9964,0.9946,0.98956,0.99316,0.9964,0.99604,0.99352,0.99676,0.99748,0.99748,0.99676,0.99496,0.99712,0.99748,0.99676,0.96256,0.9964,0.9892,0.9964,0.9964,0.99658,0.99676,0.99604,0.99316,0.99604,0.99604,0.99604,0.99658,0.9964,0.99676,0.99604,0.9946,0.99622,0.99604,0.99568,0.9838,0.99496,0.99604,0.99676,0.99712,0.99712,0.9964,0.9964,0.99532,0.99712,0.99676,0.99712,0.9964,0.99532,0.99658,0.99298,0.99568,0.9964,0.99532,0.99676,0.99568,0.99604,0.9964,0.97786,0.99532,0.99568,0.99352,0.99136,0.99748,0.99712,0.99604,0.99244,0.99676,0.99514,0.99748,0.99712,0.99532,0.99712,0.99604,0.9964,0.99748,0.99568,0.99748,0.99748,0.99568,0.99604,0.99532,0.9964,0.9964,0.99208,0.98848,0.99244,0.98902,0.98452,0.99532,0.99712,0.9415,0.99496,0.99748,0.99748,0.99676,0.99712,0.99676,0.99712,0.99712,0.99496,0.99388,0.99748,0.99712,0.9964,0.99568,0.99604,0.99388,0.99388,0.99514,0.99676,0.99712,0.99676,0.99712,0.99712,0.99676,0.9946,0.99748,0.99496,0.9946,0.99568,0.99496,0.99424,0.97606,0.99712,0.99748,0.99604,0.99316,0.99532,0.9946,0.98308,0.99748,0.99532,0.99712,0.99712,0.99424,0.99676,0.99424,0.9964,0.99712,0.9946,0.99532,0.9964,0.98956,0.99496,0.99316,0.99532,0.99712,0.99712,0.99604,0.99568,0.99604,0.99676
0,0,0.70444,0.15598,0.93772,0.65242,0,0.99082,0.99424,0.85384,0.95896,0.99226,0.97786,0.9937,0.87454,0.99514,0,0.99514,0.99766,0.99622,0.9973,0.99802,0.99838,0.99784,0.99802,0.99694,0.99766,0.89722,0.9973,0.99838,0.99694,0.99658,0.99766,0.9937,0.79318,0.99838,0.99766,0.99658,0.9937,0.99694,0.99838,0.99766,0.99838,0.99802,0.8425,0.9973,0.99694,0.99766,0.99838,0.99694,0.9973,0.99802,0.99802,0.9973,0.9973,0.99838,0.9208000000000001,0.99802,0.98668,0.99802,0.99802,0.9973,0,0.99766,0.99838,0.99514,0.9973,0.99748,0.99838,0.99658,0.99622,0.9973,0.99838,0.9901,0.99838,0.99784,0.99478,0.99802,0.99622,0.99838,0.99802,0.99838,0.9973,0.99766,0.97372,0.99838,0.99838,0.99172,0.99838,0.99802,0.9973,0.9973,0.99802,0.99838,0.99802,0.99766,0.99802,0.99802,0.99676,0.99766,0.99766,0.99766,0.99694,0.99802,0.99838,0.99838,0.99838,0.99838,0.99766,0.98362,0.99838,0.99694,0.99766,0.99802,0.99802,0.99802,0.9973,0.99136,0.99694,0.99802,0.99802,0.9973,0.99838,0.99802,0.99838,0.99694,0.99838,0.99802,0.99802,0.99802,0.99802,0.99406,0.99766,0.8677,0.99478,0.99892,0.99532,0.99514,0.99766,0.99838,0.99766,0.99622,0.99802,0.9973,0.99514,0.99298,0.99586,0.99694,0.98938,0.9973,0.99604,0.99748,0.99838,0.99784,0.99784,0.99892,0.99046,0.99838,0.99802,0.99406,0.99838,0.99802,0.99838,0.99802,0.99622,0.99748,0.99892,0.99712,0.99892,0.9982,0.99784,0.99856,0.99856,0.99892,0.99892,0.99892,0.99892,0.99658,0.99892,0.99892,0.99856,0.99856,0.99892,0.99892,0.99892,0.99892,0.99856,0.99892,0.9982,0.99892,0.99892,0.99892,0.99892,0.99856,0.99892,0.99784,0.99892,0.99892,0.99748,0.99892,0.99892,0.99784,0.99892,0.99892,0.99892,0.9982,0.99892,0.99478,0.99388,0.9982,0.99892,0.99784,0.9964,0.99892,0.99856,0.99676,0.9982,0.99892,0.99892,0.99892,0.99748,0.9955,0.99892,0.99892,0.99892,0.99676,0.99892,0.99856,0.99316,0.99622,0.99082,0.99478,0.99622,0.9973,0.99838,0.99838,0.99838,0.99838,0.99838,0.99838,0.99766,0.99838,0.99838,0.99838,0.99838,0.99802,0.99694,0.99694,0.99766,0.99694,0.99658,0.99298,0.99766,0.99694,0.99694,0.99838,0.99838,0.9973,0.9973,0.9973,0.99622,0.99838,0.99802,0.99712,0.99676,0.99712,0.99838,0.99838,0.99658,0.99082,0.99802,0.99802,0.9973,0.99892,0.99784,0.99838,0.99838,0.99802,0.9973,0.9973,0.99712,0.99694,0.9964,0.9937,0.99766,0.99802,0.99694,0.99838,0.99712,0.99694,0.75178,0.99604,0.99838,0.99766,0.99856,0.99856,0.9973,0.99514,0.99766,0.99766
0,0,0,0,0,0,0,0,0,0.48375999999999997,0,0,0,0,0,0,0,0,0,0,0,0,0,0,0,0.33868,0,0,0,0,0,0,0,0,0,0,0,0,0,0,0,0,0,0,0,0,0,0,0,0,0,0,0,0,0,0,0,0,0,0,0,0,0,0,0,0,0,0,0,0,0,0,0,0,0.34119999999999995,0,0,0,0,0,0,0,0,0,0,0.20187999999999995,0,0,0,0,0,0,0,0,0,0,0,0,0,0,0.25336000000000003,0,0,0,0,0,0,0,0,0,0,0,0,0,0,0,0,0,0,0,0,0,0,0,0,0,0,0,0,0,0,0,0,0,0,0,0,0.31006,0,0,0,0,0,0,0,0,0,0,0,0,0,0,0,0,0,0,0,0.41266,0,0,0,0,0,0,0,0,0,0,0,0,0,0,0,0,0,0,0,0,0,0,0,0,0,0,0,0,0,0,0.26181999999999994,0,0,0,0,0,0,0.14464,0,0,0,0,0,0,0,0,0,0,0,0,0,0,0,0,0,0,0,0,0,0,0,0,0,0,0,0,0.30286,0,0,0,0,0,0,0,0,0,0,0,0,0,0,0,0.49924,0,0,0,0,0,0,0,0,0,0,0,0,0,0,0,0,0,0,0,0,0,0,0,0.28486,0,0.26956,0,0.4627,0,0,0,0,0,0,0,0,0,0,0,0,0,0,0,0,0,0,0,0,0,0.6475599999999999,0,0,0,0,0,0,0,0,0
0,0.44722000000000006,0,0,0.3268,0,0.53344,0,0,0.53182,0,0,0,0,0,0,0,0,0,0,0,0.71326,0,0,0,0,0,0.43084,0,0,0,0.28269999999999995,0.22365999999999997,0.3960999999999999,0.19287999999999994,0,0.50572,0,0,0.30321999999999993,0,0.51112,0,0,0.7263999999999999,0,0.9271,0,0,0.16101999999999994,0.17884,0,0,0,0.92098,0,0,0,0,0,0.94636,0,0.62596,0,0,0.54694,0,0,0,0.31779999999999997,0,0,0,0,0,0,0.7829200000000001,0,0,0,0.5239,0,0,0,0.41806,0.76258,0,0,0,0.4378599999999999,0,0.33921999999999997,0,0,0,0,0.88102,0,0,0,0,0,0,0,0,0,0,0,0,0,0,0,0,0.3698199999999999,0,0,0,0.62002,0,0,0,0,0,0.80164,0.84106,0,0.8828199999999999,0,0,0,0,0.64144,0.58762,0,0,0,0,0.91216,0.4789,0.84754,0.44254000000000004,0.70282,0.8414200000000001,0.95266,0.685,0.85114,0.86932,0.64378,0.89506,0.5761000000000001,0.6724,0,0.9352,0.9802,0.87526,0.94852,0.99136,0.99136,0.99424,0.99388,0.99208,0.99208,0.99532,0.99028,0.99424,0.99388,0.97732,0.99424,0.99406,0.96544,0.99352,0.99568,0.99568,0.9946,0.99424,0.99532,0.9901,0.99568,0.9928,0.99244,0.99532,0.99136,0.99424,0.9919,0.99028,0.99532,0.98956,0.9946,0.99208,0.9892,0.99532,0.99262,0.99028,0.99064,0.99496,0.99082,0.99028,0.99568,0.99136,0.99388,0.99496,0.99388,0.99388,0.99136,0.99532,0.99568,0.99388,0.99478,0.99568,0.99568,0.99136,0.99028,0.99388,0.99532,0.9928,0.99496,0.99442,0.95536,0.99496,0.98902,0.99136,0.99064,0.99442,0.99424,0.99514,0.9937,0.99496,0.99514,0.99388,0.99568,0.99604,0.99604,0.99208,0.99496,0.99424,0.99532,0.99478,0.99424,0.99568,0.99532,0.99424,0.9928,0.99172,0.99496,0.9928,0.99568,0.9946,0.99604,0.9946,0.99532,0.99136,0.99244,0.99352,0.99532,0.99532,0.9919,0.94078,0.99388,0.99424,0.99208,0.99388,0.9946,0.99442,0.9928,0.99442,0.99388,0.97588,0.99478,0.99568,0.99424,0.99388,0.99424,0.99496,0.9946,0.98956,0.9928,0.99532,0.9946,0.83368,0.99424,0.99208,0.9946,0.9928,0.9946,0.99334,0.99568,0.99172,0.99442,0.9946,0.99496,0.99496,0.9946,0.99496,0.99496,0.99478,0.9892,0.9928,0.99532,0.99334,0.98686
0,0,0,0,0,0,0,0,0,0,0,0,0,0.28036000000000005,0,0,0,0.62236,0,0,0,0,0,0,0,0,0,0,0,0,0.65962,0.40276,0.6931,0,0.80812,0.32662,0.8236,0.81766,0.57376,0.85294,0,0.92566,0.84934,0.7552,0.9217,0.84862,0.40437999999999996,0.5361400000000001,0.89398,0.9332199999999999,0.37198,0.50284,0.82378,0.47295999999999994,0,0.84592,0.88588,0.13780000000000003,0.96526,0.70966,0.97714,0,0.40671999999999997,0.91504,0.61714,0.94708,0.93358,0,0.96148,0.8324199999999999,0.9568,0.95014,0.96004,0.95122,0.72172,0.86896,0.88066,0.91882,0.99028,0.9064,0.97066,0.95284,0.94726,0.19954000000000005,0.99154,0,0.84322,0.96814,0.89848,0.97084,0.98128,0.9865,0.97984,0.96688,0.97138,0.97858,0.9740800000000001,0.9775,0.98182,0.97102,0.99352,0.8918200000000001,0.98794,0.99424,0.98758,0.98326,0.98758,0.99496,0.99622,0.99586,0.9955,0.99406,0.99208,0.99622,0.99298,0.99118,0.99406,0.99478,0.9946,0.99532,0.97714,0.99406,0.99442,0.99496,0.99406,0.99532,0.99586,0.9955,0.99406,0.9955,0.9685,0.9928,0.99586,0.99514,0.98632,0.99226,0.98956,0.99586,0.99586,0.9937,0.9955,0.99532,0.99514,0.99064,0.99514,0.99424,0.98524,0.9919,0.99406,0.99442,0.99262,0.9937,0.99208,0.99316,0.98938,0.98938,0.99478,0.99406,0.99316,0.99262,0.99442,0.99442,0.99478,0.99406,0.99136,0.99478,0.99496,0.99136,0.9955,0.99406,0.99514,0.99478,0.99514,0.9955,0.9937,0.99406,0.99478,0.99136,0.9955,0.9955,0.99478,0.99154,0.99622,0.99334,0.9955,0.99352,0.9955,0.9946,0.98434,0,0.99478,0.9901,0.9955,0.99406,0.99622,0.99514,0.99478,0.99496,0.99586,0.99478,0.99388,0.99334,0.99586,0.99352,0.99064,0.9721,0.99406,0.9883,0.99262,0.98956,0.9955,0.99028,0.99514,0.9937,0.98812,0.98632,0.97984,0.99262,0.98794,0.99622,0.9955,0.99478,0.9955,0.98974,0.99172,0.99406,0.99478,0.99298,0.99514,0.9955,0.99388,0.99424,0.9955,0.9955,0.99586,0.99388,0.9955,0.99442,0.99406,0.99334,0.9928,0.99136,0.99388,0.99532,0.99442,0.99262,0.9937,0.9937,0.9955,0.9919,0.98992,0.99406,0.99514,0.9919,0.99334,0.99046,0.99532,0.99388,0.99208,0.99532,0.9919,0.99622,0.99568,0.9955,0.99568,0.99334,0.9946,0.99586,0.99406,0.99514,0.99046,0.9946,0.9928,0.99226,0.99406,0.99478,0.99514,0.98974,0.99442,0.99334,0.99262,0.99478,0.99514,0.9928,0.9928,0.9937,0.99406,0.99406,0.99514,0.99388,0.9955,0.9955,0.9946,0.99532,0.98632,0.9937,0.99118,0.99388,0.99208,0.99118
0,0,0.12519999999999998,0.34587999999999997,0.88678,0,0,0.76528,0.9361,0.88714,0.84466,0.93484,0.45909999999999995,0.90694,0,0.8428599999999999,0,0.99262,0.8632,0,0.93664,0.95752,0.8785,0.97732,0.86248,0,0,0.84988,0.99136,0.90478,0.91072,0.94276,0.98488,0.99136,0.98956,0.88372,0.99604,0.99784,0.99676,0.88444,0.99784,0.99676,0.89236,0.99784,0.99784,0.63244,0.99784,0.9982,0.99748,0.9982,0.99784,0.99712,0.99784,0.99676,0.9982,0.9982,0.9982,0.9955,0.99442,0.99676,0.99802,0.99784,0.99712,0.99676,0.99028,0.9982,0.98434,0.99784,0.99784,0.97876,0.99658,0.99748,0.99604,0.99748,0.9982,0.9982,0.99712,0.99748,0.9973,0.9982,0.99748,0.991,0.99748,0.99712,0.99604,0.99352,0.99712,0.99694,0.99568,0.99604,0.99712,0.99748,0.99694,0.99748,0.99784,0.99712,0.99748,0.9964,0.99712,0.99568,0.9892,0.9883,0.99712,0.91594,0.99748,0.99226,0.99784,0.99784,0.99784,0.99676,0.9964,0.99676,0.9982,0.99766,0.99568,0.99604,0.99712,0.9964,0.99748,0.9982,0.99784,0.9982,0.9982,0.99748,0.99784,0.99244,0.99388,0.99766,0.99748,0.9964,0.99766,0.99604,0.99676,0.99784,0.99496,0.99784,0.99676,0.99748,0.96724,0.9982,0.99784,0.99784,0.99748,0.9982,0.99784,0.99802,0.9982,0.9982,0.99604,0.98776,0.99784,0.99604,0.99748,0.99784,0.9964,0.99676,0.99748,0.99748,0.9982,0.9973,0.9982,0.9982,0.99514,0.99352,0.99784,0.99136,0.99244,0.99748,0.9928,0.99748,0.99784,0.99748,0.99748,0.9982,0.96616,0.9982,0.9982,0.99784,0.99784,0.99784,0.99748,0.99784,0.99748,0.9946,0.9982,0.99676,0.99748,0.99748,0.9982,0.99748,0.99784,0.9982,0.99712,0.9982,0.9982,0.97624,0.99712,0.99784,0.99712,0.99676,0.99712,0.99748,0.99676,0.99712,0.99748,0.99748,0.9982,0.9982,0.99784,0.99784,0.99784,0.99748,0.9982,0.99784,0.9982,0.99676,0.97984,0.99748,0.9982,0.99676,0.99784,0.99676,0.99784,0.99748,0.99676,0.99784,0.9982,0.99604,0.9982,0.99712,0.99748,0.99586,0.9982,0.99712,0.99784,0.99676,0.98992,0.9982,0.99784,0.99784,0.99748,0.99748,0.99766,0.99784,0.99766,0.99712,0.9982,0.99676,0.99748,0.99712,0.99712,0.99784,0.9982,0.99802,0.99748,0.99676,0.9982,0.99766,0.9982,0.9982,0.99748,0.9982,0.9982,0.99766,0.9982,0.99784,0.99748,0.99784,0.99784,0.99784,0.99784,0.99496,0.9982,0.99676,0.99748,0.99784,0.99784,0.9973,0.99748,0.99784,0.9982,0.9982,0.99748,0.99748,0.9982,0.99784,0.99784,0.99784,0.9982,0.99676,0.9982,0.99712,0.97372,0.9964,0.99712,0.99748,0.99478,0.99712,0.9964,0.99784
0.8398,0,0.5885199999999999,0,0,0,0,0.739,0,0,0.16749999999999998,0,0,0,0,0,0,0.35775999999999997,0.10702,0,0.21267999999999998,0,0,0.35019999999999996,0.83692,0.57538,0,0,0.12952000000000008,0.39303999999999994,0,0.5188600000000001,0,0.82612,0.35830000000000006,0,0.2301399999999999,0.6759999999999999,0.64612,0.9109,0.33130000000000004,0.89902,0.97354,0.8704000000000001,0.97426,0.991,0.9433,0.96058,0.9740800000000001,0.93016,0.97912,0.98074,0.8848,0.9964,0.99676,0.9964,0.99568,0.99388,0.99604,0.99532,0.9964,0.98938,0.99568,0.99442,0.99604,0.99604,0.99568,0.99604,0.99514,0.9946,0.99532,0.9946,0.99406,0.99352,0.99604,0.9946,0.9937,0.99676,0.99496,0.99496,0.99604,0.99532,0.99514,0.99244,0.9964,0.99478,0.99496,0.9919,0.99496,0.99388,0.99568,0.9946,0.99424,0.98074,0.98938,0.99262,0.99514,0.99118,0.99532,0.99424,0.9946,0.99604,0.9964,0.99388,0.99478,0.99172,0.99352,0.9577,0.99604,0.99676,0.99424,0.99604,0.99604,0.99604,0.99388,0.99424,0.99388,0.9964,0.9937,0.91378,0.9919,0.99532,0.99424,0.99676,0.9964,0.99334,0.9964,0.99622,0.99496,0.99676,0.9964,0.9964,0.99676,0.99604,0.9937,0.9946,0.99676,0.99676,0.9964,0.99604,0.99388,0.99622,0.9892,0.99532,0.99532,0.99622,0.99604,0.9964,0.99568,0.99568,0.99478,0.99424,0.99424,0.99568,0.9946,0.99604,0.9946,0.99532,0.99676,0.99676,0.99676,0.99514,0.9964,0.99586,0.9559,0.99478,0.99532,0.99334,0.99496,0.99334,0.9964,0.99604,0.99478,0.99604,0.99586,0.9937,0.99388,0.99586,0.99316,0.99082,0.98902,0.99496,0.9964,0.99514,0.9919,0.99136,0.99604,0.99604,0.99604,0.99496,0.9946,0.99568,0.9964,0.99532,0.991,0.99532,0.9955,0.99676,0.9928,0.98848,0.9937,0.99154,0.99478,0.9964,0.99496,0.99604,0.99604,0.99532,0.99676,0.9964,0.99676,0.99676,0.99604,0.99586,0.99676,0.99604,0.99208,0.98848,0.99604,0.99604,0.99406,0.99568,0.99568,0.99496,0.9964,0.9964,0.99388,0.99496,0.99622,0.99604,0.99388,0.99496,0.99298,0.9946,0.99676,0.99316,0.99496,0.99298,0.9964,0.99568,0.9964,0.99604,0.99604,0.99172,0.991,0.99496,0.99604,0.99532,0.99676,0.99316,0.99568,0.99604,0.99568,0.99568,0.99568,0.9964,0.9937,0.99154,0.9964,0.98596,0.99694,0.991,0.98992,0.99568,0.99568,0.99568,0.99424,0.99442,0.99226,0.99604,0.99568,0.99532,0.99316,0.95302,0.9946,0.99604,0.9964,0.99604,0.9964,0.99514,0.99082,0.99244,0.99604,0.99622,0.99586,0.99604,0.99568,0.99676,0.99496,0.99424,0.99334,0.99604,0.99496,0.9955,0.9964,0.9964,0.99586,0.99388,0.9955,0.99442
0.1421199999999999,0,0.32319999999999993,0,0,0,0,0,0.7089399999999999,0,0.5031999999999999,0.2700999999999999,0,0,0.28054,0.92674,0,0,0,0.74098,0,0,0.23265999999999998,0,0,0,0.40491999999999995,0,0,0,0,0,0,0,0,0.7633,0,0.5285799999999999,0,0.67852,0,0,0.6583600000000001,0.4868199999999999,0.58366,0,0,0,0,0,0.18838,0,0,0.9208000000000001,0,0.42201999999999995,0,0.1611999999999999,0,0,0,0,0,0.70156,0,0,0.84232,0.40618,0.79516,0.85276,0.62218,0.66124,0.89542,0.98884,0.97588,0.98344,0.99676,0.99424,0.99676,0.92908,0.99676,0.93628,0.99496,0.9964,0.98992,0.9946,0.9964,0.88588,0.98236,0.99532,0.99604,0.99676,0.97804,0.99316,0.99712,0.99532,0.9946,0.97606,0.98344,0.99604,0.98812,0.99712,0.99712,0.8866,0.99028,0.99712,0.99568,0.99496,0.99604,0.99604,0.99712,0.99388,0.9964,0.99676,0.99532,0.9964,0.9928,0.892,0.99244,0.99532,0.99208,0.99532,0.99244,0.99676,0.99604,0.99316,0.99712,0.99388,0.99532,0.98884,0.9766,0.99604,0.99712,0.99604,0.99424,0.9946,0.99712,0.99388,0.9856,0.99676,0.9964,0.99604,0.99604,0.9955,0.99424,0.9892,0.99712,0.99568,0.99208,0.96724,0.99496,0.98776,0.98344,0.99676,0.99208,0.98704,0.99532,0.99676,0.97624,0.99676,0.99532,0.9964,0.99424,0.99532,0.99568,0.99388,0.98326,0.99604,0.9946,0.99442,0.99676,0.96976,0.99532,0.9964,0.99604,0.99568,0.99604,0.99568,0.99712,0.99676,0.99568,0.98848,0.9946,0.99496,0.99532,0.99604,0.9946,0.98992,0.9964,0.99352,0.98452,0.99676,0.99676,0.9964,0.99604,0.9946,0.99388,0.99712,0.99442,0.9946,0.99676,0.99532,0.9946,0.99208,0.99676,0.99712,0.99676,0.9964,0.99532,0.99604,0.9946,0.99388,0.99064,0.99568,0.99316,0.9955,0.99208,0.9928,0.99496,0.9946,0.99532,0.9964,0.9964,0.99568,0.93952,0.99496,0.99496,0.99172,0.99604,0.9964,0.9856,0.99172,0.9946,0.99532,0.99676,0.9946,0.9964,0.99712,0.99532,0.9964,0.99676,0.99604,0.99496,0.99532,0.99604,0.99208,0.99388,0.99604,0.99604,0.99496,0.99604,0.99604,0.99604,0.99424,0.99712,0.9964,0.99712,0.9964,0.99316,0.99604,0.9964,0.99676,0.99712,0.9964,0.99352,0.9964,0.99316,0.99568,0.99532,0.99316,0.99172,0.9946,0.99532,0.99172,0.99532,0.99568,0.99532,0.99496,0.97804,0.99676,0.99712,0.99604,0.99496,0.99118,0.99568,0.9928,0.99712,0.99676,0.99388,0.9946,0.9946,0.99712,0.9964,0.99496,0.99712,0.9892,0.99316,0.9955,0.99604,0.99604
0,0,0,0,0.21033999999999997,0,0,0,0,0,0,0,0,0.883,0.47638,0.40168000000000004,0,0,0.8056,0,0,0,0.14842,0.16678000000000004,0.66502,0,0,0,0,0,0,0,0,0,0,0,0,0,0,0,0,0,0.43767999999999996,0.71974,0,0,0,0.27784,0,0,0,0,0,0,0,0,0,0.42579999999999996,0,0,0.78526,0,0.36550000000000005,0,0,0,0.5971599999999999,0,0,0.84358,0,0.19899999999999995,0,0,0,0,0,0,0,0,0,0,0,0,0,0,0.76564,0,0,0,0,0,0,0,0,0,0.46558,0,0,0,0,0,0,0.63226,0.39952,0,0.18189999999999995,0,0,0.4468599999999999,0,0,0,0,0.37468,0,0.262,0,0,0,0,0,0,0,0,0.27442,0.80272,0,0,0,0,0,0,0,0,0,0,0,0,0.77068,0,0,0.66754,0,0,0.32338,0,0,0,0,0.62776,0,0,0,0,0,0.61084,0,0,0,0,0.87076,0.4059999999999999,0.2092599999999999,0,0,0.42382,0,0,0,0.78148,0.16101999999999994,0.6643,0,0,0,0,0.71236,0,0.86752,0,0,0,0.97228,0,0.53488,0,0,0,0,0.24472000000000005,0,0,0,0.94276,0,0,0,0,0,0,0,0,0,0,0,0,0,0.15652,0.28701999999999994,0.6974199999999999,0.90208,0.13617999999999997,0.99316,0.68824,0.7912,0.7483599999999999,0.97606,0.47278,0.42291999999999996,0.85474,0.99316,0.96112,0.70138,0.94114,0.97498,0.81802,0.95212,0,0.65134,0.78166,0.99316,0.98452,0.94654,0.99172,0.9946,0.99424,0.95932,0.99532,0.99352,0.95464,0.98308,0.99136,0.99424,0.95338,0.99496,0.9946,0.99316,0.99424,0.99424,0.99244,0.99352,0.98164,0.9901,0.98902,0.99568,0.9946,0.98956,0.99424,0.9928,0.99028,0.99532,0.98668,0.99424,0.99532,0.99352,0.99208,0.99388,0.9946,0.9251199999999999,0.99532,0.99424,0.99496,0.99388,0.99568,0.9946,0.99424,0.9946,0.9928,0.99118,0.99352,0.99028,0.99388,0.98956,0.99136,0.99298,0.99496,0.99496,0.9928,0.99496,0.99532,0.99334,0.98452,0.98884,0.9946,0.99424,0.99424,0.97084,0.97858,0.99316
0,0,0,0,0,0,0,0,0,0,0,0,0,0,0.35758,0,0,0.18352000000000002,0,0,0,0,0,0,0,0,0,0,0,0,0,0,0,0,0,0,0.49959999999999993,0,0,0,0,0,0,0,0,0,0,0,0,0,0,0,0,0,0,0,0,0,0,0,0,0,0.41554,0,0,0,0,0,0,0,0,0,0.26056,0,0.6067,0,0,0,0,0,0,0,0,0,0,0,0,0,0,0,0,0,0,0,0,0,0,0,0,0,0,0,0.6659200000000001,0,0,0,0,0,0,0,0,0,0,0,0,0,0,0,0,0,0,0,0,0,0,0,0,0,0,0.4430799999999999,0,0,0,0,0,0,0,0,0,0,0,0,0,0,0,0,0,0,0.27298,0,0,0,0,0,0,0,0,0,0,0.48897999999999997,0,0,0,0,0,0,0,0,0,0,0,0,0,0,0,0,0,0,0,0,0,0,0,0,0,0,0,0,0,0.66214,0.20529999999999993,0,0,0.24975999999999998,0,0,0,0,0.2953,0,0,0.49888,0,0,0,0,0,0,0,0,0,0,0,0,0,0,0,0,0.40869999999999995,0.11115999999999993,0,0,0,0.69616,0,0,0,0,0,0,0,0,0,0,0,0,0,0.5509,0.39556,0,0,0,0,0,0,0,0,0,0,0.41913999999999996,0,0,0,0,0,0,0,0,0,0,0,0,0.14698,0.11133999999999988,0,0,0.25678,0,0,0,0,0,0,0,0,0.47026,0,0.55882,0,0,0,0.95896,0,0,0,0,0,0,0,0,0.7039,0,0,0,0,0,0,0,0,0
0,0,0,0.35883999999999994,0,0,0,0,0.40906,0,0.77608,0,0,0,0,0,0.93052,0,0,0,0,0.54334,0.8704000000000001,0,0,0,0,0,0,0,0,0,0,0.70858,0.7164999999999999,0.3390399999999999,0,0.5608,0,0.30123999999999995,0.41122000000000003,0.97786,0.7435,0.49240000000000006,0,0.29079999999999995,0.856,0,0.7055199999999999,0,0.1594,0.28828,0.97822,0.43138,0.3089799999999999,0.92152,0.8704000000000001,0.97894,0.98938,0.94726,0.9811,0.98002,0.9892,0.97462,0.9919,0,0.991,0.99568,0.99352,0.92656,0.99604,0.98596,0.98668,0.99496,0.98956,0.99586,0.99514,0.99586,0.99172,0.99424,0.99136,0.9928,0.99496,0.97174,0.96094,0.98596,0.99532,0.99532,0.99496,0.99622,0.99388,0.99532,0.99658,0.9964,0.9964,0.99604,0.58258,0.99496,0.99514,0.9964,0.9964,0.99604,0.99532,0.99676,0.99676,0.99496,0.99604,0.99586,0.99532,0.97804,0.99532,0.99604,0.9964,0.99478,0.99568,0.99604,0.99406,0.99604,0.99532,0.99496,0.99568,0.98776,0.99676,0.99478,0.98848,0.99532,0.9964,0.9946,0.99568,0.99532,0.98974,0.99568,0.99514,0.99208,0.99568,0.9964,0.99172,0.9937,0.99604,0.991,0.991,0.99334,0.9937,0.99568,0.99388,0.99442,0.99712,0.99244,0.99676,0.99622,0.9964,0.99748,0.99748,0.9964,0.9964,0.99622,0.9964,0.99676,0.99748,0.99676,0.99676,0.9955,0.99604,0.99712,0.99604,0.99658,0.99658,0.99676,0.99532,0.99532,0.99568,0.99136,0.99712,0.9955,0.99262,0.99136,0.99532,0.99478,0.99604,0.99712,0.99604,0.9964,0.99298,0.99676,0.99712,0.99568,0.99604,0.99676,0.99604,0.99622,0.99442,0.9892,0.99442,0.9964,0.99676,0.99424,0.9964,0.99316,0.99712,0.99352,0.9964,0.99568,0.99712,0.99622,0.99712,0.99712,0.9946,0.99712,0.99568,0.99568,0.99496,0.99712,0.99604,0.99658,0.99712,0.99676,0.9964,0.99712,0.99532,0.99694,0.99676,0.99568,0.99748,0.99532,0.99586,0.9964,0.99622,0.99532,0.99478,0.9856,0.99118,0.99712,0.99748,0.99748,0.99748,0.9964,0.99712,0.99694,0.9964,0.99676,0.99424,0.99676,0.99298,0.99406,0.9919,0.9964,0.99514,0.99424,0.99586,0.99478,0.99712,0.99676,0.99712,0.99676,0.99712,0.9964,0.99586,0.9946,0.99244,0.99712,0.99712,0.99568,0.9946,0.96688,0.99676,0.9964,0.99568,0.9946,0.99568,0.99748,0.9973,0.99586,0.9964,0.99712,0.99712,0.99712,0.9964,0.99748,0.99712,0.99676,0.99388,0.99748,0.9964,0.99604,0.9964,0.99514,0.99712,0.99748,0.99748,0.99676,0.9964,0.99676,0.9964,0.99712,0.99748,0.99604,0.99604,0.9964,0.9964,0.99658
0.7552,0.65386,0,0,0.94798,0,0.80506,0,0,0.11637999999999993,0,0.5698000000000001,0,0.48628000000000005,0.7506999999999999,0.9775,0.92476,0.59536,0.9388,0.22527999999999992,0.24093999999999993,0.99514,0.9937,0,0.95068,0.99766,0.99478,0.95302,0.97588,0.97228,0.99766,0.99694,0.99802,0.99658,0.99766,0.9973,0.99694,0.9973,0.9973,0.99622,0.5527,0.99802,0.99802,0.99694,0.99766,0.99766,0.99586,0.87094,0.99658,0.99802,0.99766,0.99802,0.98398,0.99694,0.98722,0.99766,0.9973,0.99802,0.9955,0.9973,0.99766,0.99802,0.99802,0.99766,0.99802,0.97534,0.99802,0.99658,0.99802,0.99658,0.99658,0.99442,0.99334,0.99514,0.99226,0.9973,0.9919,0.99442,0.99388,0.99694,0.99694,0.99802,0.7402599999999999,0.99694,0.90712,0.99658,0.99658,0.99694,0.99694,0.9973,0.99694,0.99766,0.9415,0.9955,0.99766,0.9973,0.99694,0.99658,0.9973,0.99766,0.99586,0.99586,0.9973,0.99514,0.99766,0.99658,0.99712,0.99568,0.99694,0.98686,0.99802,0.99766,0.99766,0.99766,0.99766,0.9964,0.99478,0.99802,0.9955,0.99802,0.9946,0.99766,0.99766,0.99622,0.99586,0.9307,0.99154,0.9973,0.99082,0.99802,0.99766,0.99766,0.99622,0.99514,0.99766,0.99658,0.9559,0.99478,0.99352,0.99802,0.9973,0.99766,0.99802,0.99766,0.99694,0.99802,0.99658,0.99658,0.99802,0.99802,0.99766,0.99802,0.99766,0.99658,0.99622,0.99694,0.9973,0.99766,0.9973,0.9955,0.99802,0.99802,0.99802,0.99514,0.99514,0.99802,0.99766,0.99766,0.99658,0.97606,0.99802,0.9955,0.99802,0.99802,0.99766,0.99694,0.99766,0.9973,0.9973,0.99802,0.99766,0.99694,0.9973,0.9973,0.9973,0.99586,0.9973,0.9973,0.99622,0.99694,0.99802,0.9955,0.99802,0.99766,0.9973,0.99586,0.9973,0.99802,0.99766,0.99604,0.99658,0.99658,0.99802,0.99694,0.99766,0.99802,0.98182,0.9973,0.99802,0.99694,0.99658,0.99802,0.99802,0.99802,0.9973,0.99802,0.99622,0.99514,0.99766,0.99622,0.99514,0.99694,0.99802,0.99766,0.99514,0.86482,0.99334,0.9955,0.99766,0.9955,0.99334,0.99658,0.9928,0.99802,0.99766,0.9973,0.99766,0.99802,0.99586,0.99694,0.99694,0.99514,0.99802,0.99694,0.9973,0.9955,0.99604,0.9973,0.99442,0.9973,0.99622,0.99514,0.9955,0.9955,0.99766,0.99658,0.99658,0.99694,0.99586,0.99298,0.99478,0.9973,0.99622,0.99694,0.99802,0.9973,0.99676,0.99694,0.99622,0.99694,0.99802,0.99802,0.99478,0.9955,0.99802,0.99802,0.99622,0.99802,0.9973,0.99622,0.99586,0.99514,0.99622,0.99802,0.9973,0.99622,0.99694,0.99586,0.99622,0.99658,0.99694,0.9523,0.99802,0.99802,0.99802,0.9973,0.99766,0.99766,0.99802,0.9973
0,0,0.4097799999999999,0,0,0.74962,0,0,0,0,0,0,0,0,0,0,0,0.44289999999999996,0,0,0,0,0.7298199999999999,0,0,0.9307,0,0,0,0,0,0,0,0,0,0,0,0.6454,0.78742,0,0,0.68536,0.85906,0,0.13041999999999998,0.9568,0.50302,0.95284,0.98416,0.99208,0.99784,0.99748,0.99712,0.99568,0.9982,0.99784,0.98974,0.99748,0.93376,0.99784,0.9982,0.9964,0.99208,0.9964,0.99784,0.98146,0.99748,0.99316,0.71326,0.9982,0.99676,0.99784,0.9982,0,0.99676,0.982,0.99712,0,0.99748,0.99676,0.99352,0.98884,0.5895999999999999,0.99712,0.9964,0.99316,0.9982,0.9982,0.99604,0.99712,0.99568,0.99748,0.9982,0.9964,0.99532,0.99424,0.99748,0.9982,0.9982,0.99604,0.99748,0.99748,0.99604,0.99784,0.99604,0.99748,0.99352,0.99748,0.9973,0.99712,0.9982,0.99784,0.99784,0.99784,0.99712,0.99712,0.9757,0.99748,0.99784,0.99748,0.9964,0.99748,0.9964,0.99748,0.99748,0.96238,0.99712,0.99208,0.8659,0.99604,0.99604,0.99388,0.99712,0.99748,0.99712,0.99622,0.99208,0.99676,0.99352,0.98344,0.98884,0.9982,0.99604,0.99748,0.99712,0.9982,0.99604,0.99604,0.99784,0.9982,0.99784,0.99748,0.99784,0.98848,0.99676,0.99712,0.99784,0.99784,0.9982,0.99784,0.99748,0.99748,0.99694,0.99784,0.99676,0.9964,0.99388,0.99406,0.99658,0.9946,0.9982,0.99712,0.9982,0.99748,0.99676,0.98938,0.99784,0.9982,0.99784,0.99784,0.99748,0.99748,0.99784,0.99748,0.99784,0.99784,0.99676,0.77302,0.99532,0.99604,0.99352,0.99028,0.9982,0.99712,0.99784,0.99676,0.99676,0.99712,0.9964,0.9964,0.99604,0.99028,0.99748,0.99712,0.99784,0.99784,0.9982,0.9982,0.99784,0.99784,0.9946,0.9982,0.99388,0.9964,0.9964,0.9964,0.99784,0.99784,0.99496,0.99712,0.9982,0.9982,0.99694,0.99784,0.99712,0.99784,0.99784,0.99748,0.99748,0.99784,0.9964,0.9964,0.99784,0.99748,0.99748,0.99712,0.9982,0.99748,0.99676,0.99676,0.99568,0.99712,0.9982,0.9982,0.99496,0.9982,0.99748,0.99712,0.99712,0.99784,0.99712,0.99784,0.99784,0.99712,0.9982,0.9982,0.99676,0.99712,0.99748,0.99748,0.99676,0.99532,0.99784,0.9982,0.99784,0.9964,0.99676,0.9964,0.9964,0.99568,0.99712,0.99784,0.9982,0.9982,0.9982,0.99748,0.99658,0.99712,0.99532,0.99676,0.99532,0.9982,0.9982,0.99784,0.9982,0.99784,0.99712,0.99388,0.99784,0.99496,0.99136,0.9982,0.99316,0.99784,0.99712,0.9982,0.99478,0.99568,0.99748,0.99748
0,0,0,0,0,0,0,0,0,0,0,0,0,0,0,0,0,0,0,0,0,0,0,0,0,0,0,0,0,0,0.2935,0,0,0,0.59392,0,0,0,0,0,0,0,0,0,0,0,0,0,0,0,0,0,0,0,0,0,0,0,0,0,0,0.40671999999999997,0,0,0,0,0,0,0,0.7026399999999999,0,0,0,0,0,0,0,0,0,0,0,0,0,0,0,0,0,0,0,0,0,0,0,0,0,0,0,0,0,0.2652399999999999,0,0,0,0,0,0,0,0,0,0,0,0,0,0,0,0,0,0,0,0,0,0,0,0,0,0,0,0.36783999999999994,0,0,0.11746000000000001,0,0,0,0,0,0,0,0,0,0.65278,0,0.15381999999999996,0,0,0,0,0,0,0,0,0,0,0,0,0.48214,0,0.92746,0.25048000000000004,0,0,0,0,0,0,0.44542000000000004,0,0,0.43587999999999993,0,0,0,0,0.24507999999999996,0,0.37576,0.72532,0.92908,0,0.4340799999999999,0.77014,0.69562,0.28036000000000005,0.98776,0.98884,0.86572,0.97534,0.79606,0.93412,0.88048,0.84538,0.86788,0.6904,0.7506999999999999,0.83602,0.59284,0.87004,0.57736,0.88912,0.99316,0.7381,0.92206,0.81532,0.84592,0.9406,0.76024,0.99244,0.71848,0.97696,0.99064,0.98704,0.97732,0.97516,0.9332199999999999,0.99028,0.99028,0.99532,0.99676,0.9946,0.99352,0.99532,0.9964,0.99604,0.99532,0.99136,0.99226,0.98254,0.99532,0.99496,0.99352,0.99424,0.99568,0.99316,0.99244,0.99532,0.99568,0.991,0.99676,0.99568,0.99676,0.98992,0.9964,0.99496,0.99568,0.99532,0.97984,0.9946,0.99424,0.991,0.9928,0.9946,0.99676,0.9964,0.99208,0.99424,0.99568,0.99604,0.99424,0.9964,0.99316,0.99496,0.99352,0.99496,0.9946,0.99532,0.99406,0.98632,0.99532,0.99604,0.99604,0.99676,0.99604,0.99604,0.99496,0.9928,0.9964,0.99604,0.99532,0.99316,0.99604,0.99496,0.99208,0.99388,0.99568,0.99532,0.9856,0.99352,0.99442,0.99532,0.99604,0.99262,0.89884,0.99532,0.99496,0.99424,0.99388,0.99568,0.99604,0.9964,0.99604
0,0,0,0,0,0,0,0,0,0,0,0,0,0,0,0,0,0,0,0,0,0,0,0,0,0,0,0,0,0,0,0,0,0,0,0,0,0,0,0,0,0,0,0,0,0,0,0,0,0,0,0,0,0,0.34138,0,0,0,0,0,0,0,0,0.23229999999999995,0,0,0,0,0,0,0,0,0.47746,0.51436,0,0,0,0,0,0.50374,0,0.12070000000000003,0,0.69184,0,0,0,0.20817999999999992,0,0,0.16803999999999997,0.33885999999999994,0,0,0,0,0,0.83692,0,0,0,0,0.29332,0,0,0.74152,0,0.19216,0,0,0,0,0,0,0.7953399999999999,0.38854,0,0,0,0,0,0,0,0.9505,0,0,0,0,0,0,0,0.82,0,0.4645,0,0,0,0,0.92818,0,0.74152,0.2593,0,0,0,0,0,0,0,0,0,0,0,0,0,0,0.76528,0,0,0.57088,0,0,0,0,0,0,0.32554000000000005,0.59518,0,0,0,0.33364000000000005,0.88768,0,0,0,0,0,0,0.30016,0,0,0,0,0,0,0,0,0,0,0,0,0,0,0,0.8295399999999999,0,0,0,0,0,0.14158000000000004,0,0,0.68788,0.8119000000000001,0,0,0,0,0,0,0,0,0.21484000000000003,0,0.78598,0,0.8164,0.4888,0,0,0,0,0,0,0.5091399999999999,0.17074,0,0.78472,0,0,0,0,0,0.40222,0.82252,0.92656,0,0.7822,0.82072,0,0,0,0,0,0.14301999999999992,0,0,0,0,0,0,0,0.8961399999999999,0.2762199999999999,0,0,0,0,0.29169999999999996,0.48646,0.4474,0,0,0,0,0,0,0,0,0,0,0,0.55828,0,0.15598,0.5138199999999999,0.29098,0,0,0,0,0.8947,0,0,0,0,0,0,0.4787199999999999,0,0,0.8671599999999999,0,0.84502,0,0,0,0
0,0.81478,0.5998600000000001,0,0,0,0,0,0,0.16605999999999999,0,0,0,0.8514999999999999,0,0,0,0.38115999999999994,0,0,0,0,0,0,0,0,0,0,0,0,0,0,0.13527999999999996,0.45477999999999996,0,0.83026,0.80416,0,0,0,0,0,0.17542000000000002,0,0,0,0,0,0,0,0,0.25408,0,0.40203999999999995,0,0.25138000000000005,0,0,0,0,0,0,0,0,0,0.43965999999999994,0,0,0.40276,0,0,0.40203999999999995,0.93358,0,0,0,0.32230000000000003,0,0,0,0,0.3619,0.37503999999999993,0,0.5644,0,0,0.76168,0,0,0,0,0,0.26596,0,0.38368,0,0.85006,0,0.86824,0,0,0,0.92764,0,0.76168,0,0.739,0.6891400000000001,0,0,0,0.35919999999999996,0.87904,0.79282,0,0,0,0,0.51364,0,0,0,0,0.79642,0,0,0,0.7894,0.41194,0,0,0,0,0,0.87922,0,0,0,0,0,0,0,0,0,0,0.28288,0,0,0,0,0,0,0.52966,0,0.6180399999999999,0,0.91342,0,0,0,0,0.6731199999999999,0.38439999999999996,0.33742000000000005,0,0,0,0,0,0.26686,0,0,0,0,0,0.94402,0,0,0,0,0.50338,0,0,0.3579399999999999,0,0,0,0.88354,0.92818,0.99514,0.94474,0.86644,0.98974,0.99658,0.99622,0.99622,0.99514,0.99244,0.9928,0.99424,0.99586,0.9829,0.9946,0.9955,0.99262,0.9937,0.99478,0.99406,0.99586,0.99604,0.98038,0.99586,0.99442,0.99586,0.98722,0.99298,0.99622,0.99586,0.99514,0.99622,0.99586,0.98812,0.99262,0.98434,0.99622,0.99478,0.99478,0.9955,0.99658,0.99298,0.99658,0.99334,0.99154,0.99586,0.9955,0.99478,0.99226,0.9937,0.99694,0.99406,0.9955,0.99658,0.9955,0.99514,0.9775,0.99586,0.99118,0.98992,0.96688,0.9955,0.99478,0.99298,0.99694,0.99586,0.9332199999999999,0.99082,0.99172,0.99154,0.99622,0.99658,0.9946,0.99658,0.9955,0.99478,0.99586,0.99586,0.99658,0.9955,0.99442,0.99586,0.9955,0.99658,0.9955,0.99298,0.99622,0.982,0.98866,0.99478,0.99478,0.9955,0.99694,0.99658,0.99622,0.99622,0.99622,0.98866,0.99226,0.99244,0.98668,0.9955,0.99154,0.99064,0.9955,0.99406,0.99442,0.99478,0.99478,0.99334,0.99478
0,0,0,0,0,0,0.37738000000000005,0,0,0,0.5138199999999999,0,0,0,0,0,0.44704,0,0,0,0,0.19791999999999998,0,0,0,0,0,0,0,0,0,0,0,0,0.68266,0,0,0,0,0.86212,0,0,0,0.49761999999999995,0,0.23373999999999995,0.72154,0,0,0,0,0,0.29296,0,0.8243199999999999,0,0.5332600000000001,0,0.19684000000000001,0,0,0,0,0,0,0,0,0,0,0,0.22348,0,0.52462,0,0,0,0,0.20872000000000002,0.34012,0,0,0,0,0,0,0.79894,0,0,0.78706,0,0,0,0.90838,0.42994,0,0,0.1936,0.5608,0.9613,0.92602,0.98074,0.98038,0.9091,0.94672,0.99208,0.98722,0.99136,0.98722,0.99568,0.99622,0.97174,0.89848,0.92746,0.99694,0.9973,0.9973,0.99514,0.99424,0.99604,0.99622,0.99586,0.99334,0.99514,0.99496,0.99532,0.99442,0.99388,0.9955,0.98902,0.98974,0.9928,0.98398,0.99406,0.99388,0.99694,0.98938,0.99622,0.99658,0.99046,0.99604,0.99118,0.99604,0.99694,0.99478,0.99586,0.99658,0.9973,0.99622,0.99514,0.99658,0.9973,0.99658,0.9973,0.99118,0.99694,0.99694,0.99622,0.9955,0.99658,0.9964,0.99658,0.9937,0.99514,0.99316,0.99262,0.9973,0.9955,0.9955,0.9973,0.99694,0.9964,0.95284,0.99604,0.97984,0.99514,0.99676,0.99388,0.9955,0.99334,0.99694,0.9973,0.99694,0.9937,0.9973,0.9964,0.99586,0.99622,0.99406,0.99694,0.97696,0.99658,0.99694,0.9937,0.99658,0.99658,0.9973,0.99694,0.99622,0.99694,0.99406,0.99622,0.99622,0.9973,0.99478,0.9955,0.99352,0.99478,0.9973,0.9973,0.99658,0.99514,0.99622,0.9955,0.98452,0.99514,0.99406,0.99478,0.98956,0.99442,0.99658,0.99208,0.99442,0.99496,0.99658,0.964,0.9901,0.96814,0.99694,0.9973,0.9883,0.99478,0.99118,0.9973,0.99676,0.99406,0.99694,0.99694,0.99694,0.99586,0.9973,0.99694,0.99496,0.98956,0.99658,0.99514,0.99694,0.99622,0.9973,0.99442,0.99622,0.9955,0.9973,0.9973,0.99442,0.99694,0.99622,0.99586,0.99532,0.99712,0.9973,0.9919,0.99658,0.99442,0.99694,0.9973,0.99694,0.99658,0.99442,0.99586,0.99694,0.99658,0.99568,0.99658,0.98902,0.9946,0.99622,0.99226,0.78868,0.9937,0.98812,0.99406,0.99586,0.9964,0.99694,0.99694,0.9955,0.99658,0.99694,0.99676,0.99694,0.99586,0.99226,0.99514,0.99658,0.99676,0.99568,0.99658,0.99694,0.99568,0.99658
0.84106,0,0.24183999999999994,0,0,0,0,0.3273400000000001,0,0,0.10611999999999999,0,0.37576,0,0,0,0,0.46953999999999996,0,0.69382,0.5699799999999999,0,0,0,0,0,0,0,0,0,0,0,0,0,0,0,0.5575600000000001,0.3763000000000001,0.65404,0,0,0,0,0.14427999999999996,0,0,0,0.14608,0,0,0,0,0,0,0.68878,0,0.21933999999999998,0,0,0,0,0,0,0.40869999999999995,0,0,0,0.19072,0,0,0,0.60022,0,0.49366,0,0,0.19431999999999994,0,0,0,0,0,0,0.9379,0,0,0,0,0,0,0.7651,0,0.5467599999999999,0,0,0,0,0,0,0.6308199999999999,0,0.84934,0,0,0,0,0.90622,0.40186,0,0.20277999999999996,0,0,0,0,0,0.85078,0.28684,0,0.58978,0,0,0,0.71002,0.53632,0,0,0,0,0.45153999999999994,0.56332,0.14554,0.22977999999999998,0.68878,0,0.96652,0.92764,0.90838,0.74476,0.7643800000000001,0.61336,0.96364,0.98524,0.92728,0.92134,0.99208,0.99208,0.96544,0.9065799999999999,0.9766,0.81946,0.93916,0.96256,0.96796,0.96292,0.8371,0.96904,0.99532,0.95212,0,0.99064,0.9838,0.99712,0.99676,0.99352,0.99604,0.99604,0.99172,0.99712,0.99532,0.99424,0.99352,0.99352,0.99568,0.99568,0.97912,0.99712,0.99316,0.9964,0.99604,0.99424,0.99316,0.9964,0.9964,0.99568,0.97912,0.9964,0.99604,0.99496,0.9964,0.99604,0.99676,0.99352,0.97444,0.9838,0.99496,0.99496,0.99352,0.99496,0.99712,0.99136,0.9946,0.98506,0.97786,0.98992,0.98758,0.98074,0.99136,0.94096,0.99424,0.99424,0.9892,0.99604,0.99604,0.97642,0.99496,0.99064,0.9946,0.9946,0.9946,0.98776,0.99496,0.9928,0.9928,0.99388,0.99316,0.98488,0.99712,0.99352,0.9964,0.99316,0.98452,0.99532,0.99262,0.99604,0.9964,0.99532,0.9811,0.99496,0.9946,0.99712,0.9946,0.9964,0.9946,0.99388,0.99568,0.99712,0.99532,0.99568,0.9964,0.99604,0.99604,0.99352,0.99208,0.99604,0.9946,0.99712,0.99604,0.9946,0.99388,0.99568,0.99568,0.99604,0.9964,0.99424,0.99604,0.99244,0.9964,0.99406,0.99496,0.99676,0.99676,0.9964,0.99064,0.99568,0.99064,0.99244,0.98632,0.99568,0.9946,0.99424,0.99388,0.99208,0.9964,0.99424,0.99352,0.99064,0.95374,0.99532,0.9955,0.99496,0.99352,0.99208,0.99604,0.99388,0.99532,0.9928,0.99568,0.99316,0.99676,0.99496
0,0,0,0.7026399999999999,0.55162,0.8101,0.70228,0.45028,0,0.71488,0.97894,0.59284,0.46828000000000003,0.84718,0.8416,0.94078,0.49798,0.73828,0.9793,0.88552,0.76132,0.96562,0.9621999999999999,0.87706,0.97246,0.9676,0.99298,0.99802,0.99766,0.58276,0.99658,0.99658,0.99802,0.99766,0.99694,0.99406,0.9973,0.9955,0.99208,0.99766,0.99694,0.99694,0.99658,0.99784,0.99802,0.99802,0.99622,0.99802,0,0.99658,0.97552,0.99586,0.99442,0.99766,0.99766,0.9973,0.99658,0.99406,0.99694,0.99478,0.99568,0.99802,0.99622,0.99514,0.9973,0.9973,0.98974,0.99442,0.99658,0.8671599999999999,0.99694,0.99802,0.99802,0.99658,0.98902,0.9964,0.99802,0.99802,0.99622,0.99802,0.99802,0.99694,0.98398,0.991,0.9955,0.99406,0.99334,0.8146,0.99784,0.99244,0.9973,0.9955,0.99712,0.99766,0.9973,0.99802,0.99802,0.99802,0.99694,0.99802,0.99802,0.99568,0.99802,0.9973,0.99766,0.99766,0.99802,0.9973,0.99622,0.98794,0.99766,0.99766,0.99802,0.99766,0.99802,0.99622,0.99406,0.9955,0.9973,0.99298,0.99766,0.99766,0.99514,0.99766,0.9946,0.99802,0.99316,0.82918,0.99658,0.99568,0.99586,0.99766,0.99694,0.97264,0.9937,0.99802,0.99802,0.99658,0.98578,0.99694,0.9973,0.99622,0.99586,0.99802,0.9973,0.99694,0.99658,0.99766,0.99658,0.99622,0.99334,0.99658,0.99658,0.99694,0.99712,0.9973,0.99802,0.9973,0.9973,0.99334,0.99802,0.99802,0.99802,0.99766,0.99658,0.99766,0.9973,0.99802,0.99442,0.99784,0.99766,0.9973,0.99766,0.99532,0.98578,0.99694,0.9973,0.9973,0.99766,0.99766,0.99694,0.99766,0.99532,0.99802,0.99622,0.99298,0.9919,0.99766,0.99406,0.99352,0.98938,0.9955,0.99766,0.99586,0.99622,0.99766,0.9973,0.99622,0.99802,0.99694,0.99748,0.99766,0.99802,0.99766,0.99586,0.99694,0.99586,0.99802,0.99766,0.99622,0.99496,0.99334,0.9955,0.99586,0.99712,0.9973,0.99622,0.9973,0.99676,0.9973,0.99442,0.99802,0.9973,0.99586,0.99568,0.99658,0.99802,0.99622,0.99658,0.99802,0.99658,0.99226,0.99118,0.9955,0.99298,0.99766,0.99334,0.99622,0.87292,0.99478,0.9973,0.99802,0.9973,0.99802,0.99766,0.99694,0.9973,0.99694,0.99604,0.99658,0.99802,0.99694,0.99766,0.99766,0.99658,0.99262,0.99568,0.9973,0.99586,0.99694,0.99802,0.9964,0.9955,0.99442,0.99694,0.99766,0.9946,0.99586,0.99802,0.99766,0.99802,0.99766,0.99766,0.99784,0.99802,0.99802,0.99766,0.99694,0.99622,0.99802,0.99802,0.99604,0.99766,0.99766,0.9946,0.99802,0.9955,0.9973,0.99766,0.99694,0.99802,0.99802,0.9964,0.99478,0.99694,0.9955,0.99532,0.9973,0.99766,0.99766
0,0,0,0,0,0.46036,0,0,0,0,0,0,0,0,0,0,0,0,0,0,0,0,0,0,0,0,0,0,0,0,0,0,0,0,0,0,0,0,0,0,0,0,0,0,0,0,0,0,0,0,0.5374,0,0,0,0,0,0,0,0,0,0,0,0,0,0,0,0,0,0,0,0,0,0,0,0.47818000000000005,0,0,0.21897999999999995,0,0,0,0,0,0,0,0.4578399999999999,0.29656000000000005,0,0,0,0,0,0,0,0,0,0,0,0,0,0,0,0,0,0,0,0,0,0,0,0.136,0,0,0,0,0,0,0,0,0,0,0,0,0,0,0,0,0,0,0,0,0,0,0,0,0,0,0,0,0,0,0,0,0,0,0,0,0,0,0,0,0,0,0,0,0,0,0,0,0,0,0,0,0,0,0,0,0,0,0,0,0,0,0,0,0,0,0.5266,0.16515999999999997,0,0,0,0,0,0,0,0,0,0.5993200000000001,0,0,0,0,0,0,0,0,0,0,0,0,0,0,0,0,0,0,0,0,0,0,0,0,0,0,0,0,0.16659999999999997,0,0,0,0,0,0,0,0,0,0.30177999999999994,0,0.19162,0,0,0,0,0,0,0,0,0,0,0,0,0,0,0,0,0,0,0,0,0,0,0,0,0,0,0,0,0,0,0,0,0,0,0,0,0,0,0,0.69832,0,0,0,0,0,0.6796,0,0,0,0,0.40186,0.3689199999999999,0.40293999999999996,0,0,0,0,0,0,0,0,0,0,0.6893199999999999,0,0,0,0,0,0
0.94708,0.78328,0.9051400000000001,0.95284,0.7724799999999999,0.99856,0.99352,0.9982,0.99892,0.99856,0.99892,0.99892,0.99928,0.99928,0.99928,0.96004,0.99856,0.99928,0.99892,0.99928,0.99892,0.99856,0.99928,0.99928,0.99892,0.99892,0.99856,0.9253,0.99568,0.99892,0.99748,0.99892,0.9982,0.99892,0.99892,0.99892,0.9982,0.99892,0.9982,0.9384399999999999,0.99928,0.99928,0.99928,0.99892,0.99928,0.99928,0.98416,0.99892,0.99928,0.95572,0.99892,0.99892,0.99856,0.991,0.99928,0.99928,0.99928,0.99928,0.99928,0.99928,0.99928,0.99928,0.99928,0.99856,0.99928,0.99784,0.99928,0.99928,0.99892,0.99892,0.99928,0.99388,0.99892,0.99928,0.99892,0.99928,0.99928,0.99712,0.99928,0.99928,0.99928,0.99928,0.99892,0.9982,0.99928,0.99928,0.93304,0.99928,0.99856,0.99424,0.99856,0.99892,0.99928,0.99928,0.99892,0.99352,0.99928,0.99928,0.99928,0.99928,0.99928,0.99712,0.99892,0.99928,0.99892,0.99928,0.99928,0.99928,0.99892,0.99928,0.99604,0.99928,0.99928,0.99928,0.99856,0.99928,0.9982,0.99892,0.99928,0.99856,0.99856,0.99928,0.99892,0.99892,0.99604,0.99928,0.99928,0.99856,0.99928,0.99856,0.99892,0.99856,0.99784,0.99928,0.99928,0.99928,0.99928,0.99928,0.99928,0.99856,0.99928,0.99748,0.99892,0.99892,0.99856,0.99892,0.99892,0.99712,0.99928,0.99928,0.99856,0.99928,0.99928,0.99928,0.99892,0.99928,0.9964,0.99928,0.99892,0.99928,0.99892,0.99928,0.99928,0.99784,0.99928,0.99928,0.99928,0.99892,0.99676,0.99856,0.99928,0.99928,0.99892,0.99928,0.99928,0.99784,0.99784,0.99892,0.99928,0.99928,0.99928,0.99928,0.99928,0.99928,0.99928,0.99712,0.9982,0.99208,0.99892,0.9982,0.99928,0.99928,0.99856,0.99928,0.9982,0.99856,0.9982,0.99892,0.99676,0.99928,0.99928,0.99856,0.99928,0.99928,0.99856,0.99892,0.99928,0.99892,0.99892,0.99892,0.99928,0.99928,0.99928,0.99928,0.99928,0.99928,0.99928,0.99928,0.99784,0.99928,0.99892,0.99928,0.99928,0.99928,0.99928,0.99928,0.99928,0.99856,0.99784,0.99928,0.99928,0.99928,0.99712,0.99928,0.99892,0.99928,0.99928,0.99928,0.99928,0.99928,0.99856,0.99784,0.99712,0.99892,0.99928,0.99928,0.99928,0.99892,0.99928,0.9982,0.9982,0.99928,0.99784,0.99928,0.99892,0.99748,0.9982,0.99856,0.99892,0.9982,0.99892,0.99892,0.99892,0.99892,0.9982,0.99748,0.99892,0.99892,0.9982,0.99928,0.99928,0.99856,0.99928,0.99928,0.99928,0.99928,0.99928,0.99928,0.99928,0.99928,0.99928,0.99928,0.9982,0.99928,0.9982,0.99928,0.99928,0.99928,0.99928,0.99928,0.99928,0.99928,0.99892,0.99892,0.99928,0.99928,0.99856,0.99928,0.99928,0.99928
